"Customer","Name","Address_1","City","State","ZIP_Code","Type"
"C000359","HG ENERGY LLC",,,,,"Client"
"C000118","COASTAL WELL SERVICE LLC",,,,,"Client"
"C000465","4T CONCRETE",,,,,"Client"
"C000466","VAULT CCS HOLDINGS LP",,,,,"Client"
"C000464","TETRA TECHNOLOGIES INC",,,,,"Client"
"C000453","PHAZE CONCRETE",,,,,"Client"
"C000360","ADRIAN ENTERPRISES LLC",,,,,"Client"
"C000452","SOUTHLAND RENDA JOINT VENTURE",,,,,"Client"
"C000463","NICHOLAS CONTURA LLC",,,,,"Client"
"C000469","ENTEGRA ENERGY SOLUTIONS",,,,,"Client"
"C000442","TRIBAL ONE CONSTRUCTION",,,,,"Client"
"C000437","ECM SUPPLY LLC",,,,,"Client"
"C000441","NORTH AMERICAN DIRECTIONAL LLC",,,,,"Client"
"C000432","PLANTS AND GOODWIN INC",,,,,"Client"
"C000450","BAKER CONCRETE CONSTRUCTION INC",,,,,"Client"
"C000377","FLATIRON CONSTRUCTORS INC",,,,,"Client"
"C000378","FORMIT RIGHT CONCRETE INC",,,,,"Client"
"C000380","US ARMY CORPS OF ENGINEERS",,,,,"Client"
"C000391","MARK CERRONE INC",,,,,"Client"
"C000397","REDI SERVICES LLC",,,,,"Client"
"C000365","ARRMAZ PRODUCTS INC",,,,,"Client"
"C000371","DOSS ENTERPRISES",,,,,"Client"
"C000372","EFFICIENCY LIGHTING & CONTROL",,,,,"Client"
"C000375","EXCAVATING ASSOCIATES",,,,,"Client"
"C000373","EGC CONSTRUCTION CORPORATION",,,,,"Client"
"C000374","EUREKA MIDSTREAM LLC",,,,,"Client"
"C000376","FINE BUILDERS INC",,,,,"Client"
"C000379","FREESTATE BALTIMORE LLC",,,,,"Client"
"C000381","US ARMY CORP OF ENGINEERS",,,,,"Client"
"C000384","HENSEL PHELPS CONSTRUCTION CO",,,,,"Client"
"C000385","HORIZON COMPANY LLC",,,,,"Client"
"C000386","HUNT ELECTRIC CORPORATION",,,,,"Client"
"C000388","KANAWHA STONE COMPANY INC",,,,,"Client"
"C000390","LILLARD & CLARK",,,,,"Client"
"C000362","ALL SEASON CONCRETE LLC",,,,,"Client"
"C000392","MEB HAYMES JOINT VENTURE LLC",,,,,"Client"
"C000393","MRC TOWERS",,,,,"Client"
"C000394","NACELLE SOLUTIONS",,,,,"Client"
"C000395","NATIONAL LIGHTING PROTECTION",,,,,"Client"
"C000396","PENNSYLVANIA STATE UNIVERSITY",,,,,"Client"
"C000398","S2M CONSTRUCTION",,,,,"Client"
"C000399","SANBERG & MILLER DESIGN GROUP",,,,,"Client"
"C000400","SHIRLEY CONTRACTING CO LLC",,,,,"Client"
"C000401","SNELSON",,,,,"Client"
"C000402","WAYNESBORO CONSTRUCTION",,,,,"Client"
"C000403","WILKIE CONTRACTING COMPANY",,,,,"Client"
"C000389","KR SWERDGEGER CONSTRUCTION LLC",,,,,"Client"
"C000366","BLAYDE CORPORATION",,,,,"Client"
"C000367","CLEM N SONS",,,,,"Client"
"C000368","COLORADO SPRINGS UTILITIES",,,,,"Client"
"C000369","CONCRETE EXPERTS",,,,,"Client"
"C000364","ALLEN BUILDERS",,,,,"Client"
"C000370","CROWDER CONSTRUCTION",,,,,"Client"
"C000387","JF ALLEN COMPANY",,,,,"Client"
"C000455","JENNCHEM LLC",,,,,"Client"
"C000449","BULLSKIN STONE AND LIME LLC",,,,,"Client"
"C000461","HERITAGE GAS AND OIL",,,,,"Client"
"C000460","THE UNIWEST COMPANIES",,,,,"Client"
"C000446","CONSIGLI CONSTRUCTION",,,,,"Client"
"C000447","RMES",,,,,"Client"
"C000448","MEDVOLT LLC",,,,,"Client"
"C000451","ENVISION ENERGY SERVICES",,,,,"Client"
"C000445","MUTSCHELKNAUS OIL AND GAS",,,,,"Client"
"C000468","BOSS OILFIELD SERVICES",,,,,"Client"
"C000263","THOUTT BROTHERS",,,,,"Client"
"C000264","TITAN ENERGY SOLUTIONS",,,,,"Client"
"C000265","TRANSIT ENERGY INC",,,,,"Client"
"C000266","TRIDENT EPC LLC",,,,,"Client"
"C000267","TRITON CONSTRUCTION",,,,,"Client"
"C000268","TUNNEL RIDGE LLC",,,,,"Client"
"C000269","TURNER CONSTRUCTION COMPANY",,,,,"Client"
"C000270","TURNER CONSTRUCTION COMPANY",,,,,"Client"
"C000271","TURNER CONSTRUCTION / WHOLSEN JV",,,,,"Client"
"C000272","TUTT SERVICE ENTERPRISE LLC",,,,,"Client"
"C000273","UNIQUE SERVICES & APPLICATIONS",,,,,"Client"
"C000274","UNLIMITED CONCRETE & ASPHALT",,,,,"Client"
"C000275","UNITED RENTALS MATTING SOLUTIONS",,,,,"Client"
"C000276","US SALT LLC",,,,,"Client"
"C000277","VARNER CONSTRUCTION LLC",,,,,"Client"
"C000278","VEQUITY CONSTRUCTION",,,,,"Client"
"C000279","VERNER CONSTRUCTION",,,,,"Client"
"C000280","WARD & BURKE",,,,,"Client"
"C000050","TRIBAL 1 & MILLSTONE WEBER JV",,,,,"Client"
"C000051","UNDERGROUND SERVICES",,,,,"Client"
"C000052","EQT PRODUCTION COMPANY",,,,,"Client"
"C000053","ET TOWER",,,,,"Client"
"C000054","IC CROSSVILLE LLC",,,,,"Client"
"C000055","IC KIRBY DEVELOPMENT LLC",,,,,"Client"
"C000056","JARRETT CONSTRUCTION",,,,,"Client"
"C000057","L&T CONSTRUCTION SERVICES",,,,,"Client"
"C000058","MEC CONSTRUCTION LLC",,,,,"Client"
"C000059","MISTICK",,,,,"Client"
"C000060","OLYMPUS ENERGY",,,,,"Client"
"C000061","TCC CORP",,,,,"Client"
"C000062","WW CLYDE",,,,,"Client"
"C000063","4X4 CONCRETE FORMING INC",,,,,"Client"
"C000064","ACNR INC",,,,,"Client"
"C000065","ACNR INC - HARRISON",,,,,"Client"
"C000066","ACNR INC - MARION",,,,,"Client"
"C000067","ACNR INC - MARSHALL",,,,,"Client"
"C000281","WEST BROTHERS CONTRACTING INC",,,,,"Client"
"C000069","ACNR INC - OHIO",,,,,"Client"
"C000070","ADARAND CONSTRUCTIOS INC",,,,,"Client"
"C000071","ADOFSON & PETERSON CONSTRUCTION",,,,,"Client"
"C000072","ADVANCED RESOURCES INTERNATIONAL",,,,,"Client"
"C000073","AH BECK",,,,,"Client"
"C000074","ALEX PARIS CONTRACTION",,,,,"Client"
"C000075","ALLAN MYERS MD INC",,,,,"Client"
"C000076","ALLIANCE PETROLEUM CORP",,,,,"Client"
"C000077","ALL PHASE CONCRETE CONSTRUCTION",,,,,"Client"
"C000078","ALTECH SOLUTIONS",,,,,"Client"
"C000079","AMEC CONSTRUCTION LLC",,,,,"Client"
"C000080","ARACO GROUP LLC",,,,,"Client"
"C000081","CORE NATURAL RESOURCES INC & SUBSIDIARIES",,,,,"Client"
"C000082","CORE / ARCH - SENTINEL MINE",,,,,"Client"
"C000083","CORE / ARCH - LEER MINE",,,,,"Client"
"C000084","CORE / CONSOL - ENLOW",,,,,"Client"
"C000085","CORE / CONSOL - BAILEY",,,,,"Client"
"C000086","CORE / CONSOL - HARVEY BMX",,,,,"Client"
"C000087","ARCHER WESTERN CONSTRUCTION CO",,,,,"Client"
"C000088","ASI CONSTRUCTION LLC",,,,,"Client"
"C000089","ATS INDUSTRIAL",,,,,"Client"
"C000090","BARTON MALOW",,,,,"Client"
"C000091","BARTON MALOW/ALEXANDER JV",,,,,"Client"
"C000092","BATTELLE MEMORIAL",,,,,"Client"
"C000093","B&B OILFIELD SERVICE INC",,,,,"Client"
"C000094","BEITZEL CORPORATION",,,,,"Client"
"C000095","BEMAS CONSTRUCTION",,,,,"Client"
"C000096","BIBLE ELECTRIC",,,,,"Client"
"C000097","BIXBY ELECTRIC",,,,,"Client"
"C000098","BLACK STAR TRADING COMPANY LLC",,,,,"Client"
"C000099","BOSS SERVICES",,,,,"Client"
"C000100","BRANNON CONTRACTING & MAINT SERVICE LLC",,,,,"Client"
"C000101","BRECKENRIDGE CORPORATION",,,,,"Client"
"C000102","BRYAN CONSTRUCTION",,,,,"Client"
"C000103","BSC SIGNS",,,,,"Client"
"C000104","CARPER WELL SERVICES",,,,,"Client"
"C000105","CARL BELT INC",,,,,"Client"
"C000106","CATAMOUNT CONSTRUCTORS INC",,,,,"Client"
"C000107","CC & VICTOR GOLD MINING CO",,,,,"Client"
"C000108","CEI CONSTRUCTORS",,,,,"Client"
"C000109","CENTURY MINE LLC",,,,,"Client"
"C000110","CHAPMAN CORPORATION",,,,,"Client"
"C000111","CHAVEZ & SONS LLC",,,,,"Client"
"C000112","CHISLER BROS CONTRACTING LLC",,,,,"Client"
"C000113","CHRISTOPHER CONCRETE",,,,,"Client"
"C000114","CLAYCO CORP",,,,,"Client"
"C000115","CMC STEEL US LLC",,,,,"Client"
"C000116","CNX GAS COMPANY INC",,,,,"Client"
"C000117","COASTAL DRILLING EAST LLC",,,,,"Client"
"C000119","COLORADO BARRICADE",,,,,"Client"
"C000120","COLORADO HARDSCAPE",,,,,"Client"
"C000121","COLEMAN INDUSTRIAL CONSTRUCTION",,,,,"Client"
"C000122","COMMERCIAL BUILDING SERVICES INC",,,,,"Client"
"C000123","CORE / CONSOL PA COAL CO",,,,,"Client"
"C000124","CONSTRUCTION CONCEPTS INC",,,,,"Client"
"C000125","CONSUMER ENERGY COMPANY",,,,,"Client"
"C000126","C&R ELECTRICAL CONTRACTORS",,,,,"Client"
"C000127","IRON SENERGY",,,,,"Client"
"C000128","IRON CUMBERLAND LLC",,,,,"Client"
"C000129","CUMBERLAND CONTURA LLC",,,,,"Client"
"C000130","DJ WEST CONSTRUCTION & MAINTENANCE",,,,,"Client"
"C000131","DOUGLASS PILE COMPANY",,,,,"Client"
"C000132","DPR CONSTRUCTION",,,,,"Client"
"C000001","UPPER TRINITY REGIONAL WATER DISTRICT",,,,,"Client"
"C000003","KIEWIT INFRASTRUCTURE CO",,,,,"Client"
"C000004","KOMADA LLC",,,,,"Client"
"C000005","WELCH EXCAVATION & UTILITY CO",,,,,"Client"
"C000006","OKLAHOMA CITY WATER UTILITIES TRUST",,,,,"Client"
"C000007","GERBER CONSTRUCTION",,,,,"Client"
"C000008","COASTAL WELL SERVICE LLC",,,,,"Client"
"C000009","DTE LEAP GAS GATHERING",,,,,"Client"
"C000010","VPS",,,,,"Client"
"C000011","IC H&K ENTERPRISE INC",,,,,"Client"
"C000012","IC K&R SERVICES INC",,,,,"Client"
"C000013","IC AMERICAN OIL & GAS LLC",,,,,"Client"
"C000014","IC 2 COUSINS AVIATION LLC",,,,,"Client"
"C000015","CITY NEON USA LLC DBA CITY NEON",,,,,"Client"
"C000016","IC CITY NEON USA LLC",,,,,"Client"
"C000017","IC DIAMOND L ENTERPRISE LLC",,,,,"Client"
"C000133","DYNAMIX ESG",,,,,"Client"
"C000134","ENGINEERED STRUCTURES INC",,,,,"Client"
"C000135","EQM OLYMPUS MIDSTREAM",,,,,"Client"
"C000136","EQUITRANS MIDSTREAM",,,,,"Client"
"C000137","ESCO CONSTRUCTION CO",,,,,"Client"
"C000138","EXECUTIVE CUSTOMS CONSTRUCTION",,,,,"Client"
"C000139","EZZI SIGNS",,,,,"Client"
"C000140","FERRARO PILE AND SHORING",,,,,"Client"
"C000141","FINSTERWALD IRRIGATION & LANDS",,,,,"Client"
"C000142","FIRESTONE",,,,,"Client"
"C000143","FIRM FOUNDATIONS",,,,,"Client"
"C000144","FIRST ENERGY",,,,,"Client"
"C000145","FLINT CONSTRUCTION",,,,,"Client"
"C000146","FNF CONSTRUCTION INC",,,,,"Client"
"C000147","FRONTLINE CONSTRUCTION GROUP",,,,,"Client"
"C000148","FRONT RANGE WIRELESS",,,,,"Client"
"C000149","GALVANIZED ENDEAVORS",,,,,"Client"
"C000150","GARNEY CONSTRUCTION",,,,,"Client"
"C000282","WESTERN TELECOM INC",,,,,"Client"
"C000283","WHITING TURNER CONTRACTING CO",,,,,"Client"
"C000288","WP BROWN ENTERPRISE INC",,,,,"Client"
"C000289","WV DEP ABANDONED MINE LAND",,,,,"Client"
"C000290","WV DEP OFFICE OF OIL & GAS",,,,,"Client"
"C000291","ACNR - WV LAND RESOURCES LLC",,,,,"Client"
"C000284","WICKERSHAM CONSTRUCTION & ENGINEERING",,,,,"Client"
"C000292","XCL MIDSTREAM LLC",,,,,"Client"
"C000285","WILDCAT CONSTRUCTION CO INC",,,,,"Client"
"C000286","WILLIAMSON ENERGY",,,,,"Client"
"C000287","WHOLSEN CONSTRUCTION COMPANY",,,,,"Client"
"C000293","IC ASI CONSTRUCTION LLC",,,,,"Client"
"C000294","IC COASTAL DRILLING EAST LLC",,,,,"Client"
"C000295","IC COASTAL ENERGY SERVICE LLC",,,,,"Client"
"C000296","IC COASTAL WELL SERVICE LLC",,,,,"Client"
"C000297","IC FORCE DRILLING LLC",,,,,"Client"
"C000298","IC FORCE POWER FOUNDATIONS LLC",,,,,"Client"
"C000299","IC HIGHLAND DRILLING",,,,,"Client"
"C000152","GH PHIPPS CONSTRUCTION COMPANY",,,,,"Client"
"C000153","GLOBAL HEAVY CORP",,,,,"Client"
"C000154","GORDON CONSTRUCTION CO INC",,,,,"Client"
"C000155","GRAY MATTER CONSTRUCTION",,,,,"Client"
"C000156","GREEN RIVER GROUP LLC",,,,,"Client"
"C000157","GREY MATTER CONSTRUCTION",,,,,"Client"
"C000158","GSE CONSTRUCTION",,,,,"Client"
"C000159","GYSUM SERVICES INC",,,,,"Client"
"C000160","ALLEGHENY METALURGICAL",,,,,"Client"
"C000161","HAMILTON COUNTY COAL LLC",,,,,"Client"
"C000162","HAMON INFRASTRUCTURE",,,,,"Client"
"C000163","HANSEN CONSTRUCTION",,,,,"Client"
"C000164","HAYDEN TOWER",,,,,"Client"
"C000165","HILLS OUTDOOR SPECIALIST INC",,,,,"Client"
"C000166","HOAR CONSTRUCTION",,,,,"Client"
"C000167","HOLTSCLAW CONSTRUCTION COMPANY",,,,,"Client"
"C000168","HUDSON GROUP INC",,,,,"Client"
"C000151","GE JOHNSON CONSTRUCTION COMPANY",,,,,"Client"
"C000300","IC LUDWIG DRILLING LLC",,,,,"Client"
"C000301","IC NORTH AMERICAN DRILLERS LLC",,,,,"Client"
"C000302","IC TCB PIPELINE LLC",,,,,"Client"
"C000303","IC HEETER GEOTECHNICAL CONSTRUCTION LLC",,,,,"Client"
"C000304","IC SDI MANAGEMENT LLC",,,,,"Client"
"C000305","IC TEK PILES LLC",,,,,"Client"
"C000306","AUTOSEP TECHNOLOGIES",,,,,"Client"
"C000307","ANTERO MIDSTREAM LLC",,,,,"Client"
"C000308","APPLIED CONSTRUCTION SOLUTIONS",,,,,"Client"
"C000309","ARSENAL RESOURCES",,,,,"Client"
"C000310","BCU ELECTRIC INC",,,,,"Client"
"C000311","BLUESTAR USA INC",,,,,"Client"
"C000312","CHEMICAL DESIGN INC",,,,,"Client"
"C000313","COLUMBIA GAS TRANSMISSION LLC",,,,,"Client"
"C000314","COTERRA ENERGY",,,,,"Client"
"C000315","COVE POINT LNG LP",,,,,"Client"
"C000316","DELMAR MIDSTREAM",,,,,"Client"
"C000317","DT MIDSTREAM",,,,,"Client"
"C000169","HYDRO RESOURCES",,,,,"Client"
"C000170","IC SDI CHARITIES INC",,,,,"Client"
"C000171","IC TRAPPE INVESTMENTS LLC",,,,,"Client"
"C000172","INDUSTRIAL TOWER WEST",,,,,"Client"
"C000173","INFINITY DRILLING",,,,,"Client"
"C000174","INTERSTATE ELECTRICAL CONTRACTING",,,,,"Client"
"C000175","JD ECKMAN",,,,,"Client"
"C000176","JR CONTRACTING",,,,,"Client"
"C000177","J&R CONTRACTING",,,,,"Client"
"C000178","KC CONSTRUCTION COMPANY",,,,,"Client"
"C000179","KEELEY CONSTRUCTION",,,,,"Client"
"C000180","KELLEY CONSTRUCTION",,,,,"Client"
"C000181","KIEWIT INFRASTRUCTURE CO SOUTH",,,,,"Client"
"C000182","KIEWIT INFRASTRUCTURE CO COLORADO",,,,,"Client"
"C000183","KINDER MORGAN",,,,,"Client"
"C000184","KINGSTON MINING INC",,,,,"Client"
"C000318","EASTERN GAS TRANSMISSION & STORAGE INC",,,,,"Client"
"C000319","EOG RESOURCES INC",,,,,"Client"
"C000320","EQM GATHERING OPCOLLC",,,,,"Client"
"C000321","EQITRANS LP",,,,,"Client"
"C000322","FORCE DRILLING LLC",,,,,"Client"
"C000324","HOUCHIN CONSTRUCTION",,,,,"Client"
"C000325","MOUNTAIN VALLEY PIPELINE LLC",,,,,"Client"
"C000326","NORTH AMERICAN DRILLERS LLC",,,,,"Client"
"C000327","NATIONAL FUEL GAS",,,,,"Client"
"C000328","RDR ENERGY RESOURCES LLC",,,,,"Client"
"C000329","SNYDER BROTHERS INC",,,,,"Client"
"C000330","SOLAR PILE INTERNATIONAL",,,,,"Client"
"C000331","STRIKE OPERATING COMPANY LLC",,,,,"Client"
"C000185","KP VENTURES",,,,,"Client"
"C000187","KRIGER CONSTRUCTION INC",,,,,"Client"
"C000188","LANE PIPELINE CONSTRUCTION",,,,,"Client"
"C000189","LINCOLN CONTRACTING & EQUIP CO",,,,,"Client"
"C000190","LITHKO CONSTRUCTION",,,,,"Client"
"C000186","KRAEMER NORTH AMERICA LLC",,,,,"Client"
"C000333","XL INDUSTRIAL",,,,,"Client"
"C000332","WESTERN CONSTRUCTION",,,,,"Client"
"C000191","LOBATO CONSTRUCTION",,,,,"Client"
"C000192","LUMIN8 TRANSPORTATION TECHNOLOGY",,,,,"Client"
"C000193","MARCH WESTIN",,,,,"Client"
"C000194","MARK YOUNG CONSTRUCTION INC",,,,,"Client"
"C000195","MAVERICK CONSTRUCTION LLC",,,,,"Client"
"C000196","MCCARTHY BUILDING COMPANIES",,,,,"Client"
"C000197","MARYLAND TRANSIT SOLUTIONS",,,,,"Client"
"C000198","MESA PRODUCTS INC",,,,,"Client"
"C000199","MINNOTTE CONTRACTING CORPORATION",,,,,"Client"
"C000200","MONARCH LANDSCAPE & CONSTRUCTION",,,,,"Client"
"C000201","MOSITES CONSTRUCTION COMPANY",,,,,"Client"
"C000202","NARANJO CIVIL CONSTRUCTORS INC",,,,,"Client"
"C000203","NATIVE SUN CONSTRUCTION",,,,,"Client"
"C000204","NEXT GENERATION CONSTRUCTION",,,,,"Client"
"C000205","NEXT LVL ENERGY",,,,,"Client"
"C000206","NIOSH",,,,,"Client"
"C000207","NORTHEAST NATURAL ENERGY LLC",,,,,"Client"
"C000208","NUNN CONSTRUCTION",,,,,"Client"
"C000209","ORDERS CONSTRUCTION CO INC",,,,,"Client"
"C000210","ORENS BROTHERS REAL ESTATE",,,,,"Client"
"C000211","OVERLAND CONTRACTING INC",,,,,"Client"
"C000212","OVERLAND PIPELINE AND ENERGY",,,,,"Client"
"C000213","PA DEPARTMENT OF ENVIRONMENT PROTECTION",,,,,"Client"
"C000214","PATRIOT EXPLORATION CORPORATION",,,,,"Client"
"C000215","PENN MECHANICAL GROUP",,,,,"Client"
"C000216","PEOPLES NATURAL GAS CO LLC",,,,,"Client"
"C000217","PREMIER CONSTRUCTION GROUP",,,,,"Client"
"C000218","PRIMO WELDING INC",,,,,"Client"
"C000219","RAGO ENTERPRISES LLC",,,,,"Client"
"C000220","RAIN FOR RENT",,,,,"Client"
"C000221","RALPH L WADSWORTH",,,,,"Client"
"C000222","RANDOLPH",,,,,"Client"
"C000223","RANGE RESOURCES",,,,,"Client"
"C000224","RANGE RESOURCES APPALACHIA LLC",,,,,"Client"
"C000225","RBA ENGINEERING",,,,,"Client"
"C000226","RDR UTILITY SERVICE GROUP LLC",,,,,"Client"
"C000227","REIMAN CORPORATION",,,,,"Client"
"C000228","RES GROUP",,,,,"Client"
"C000229","RIVER NORTH BUILDERS",,,,,"Client"
"C000230","RLW / SEM JV",,,,,"Client"
"C000231","RN CIVIL CONSTRUCTORS",,,,,"Client"
"C000232","ROCK & COMPANY",,,,,"Client"
"C000233","ROCK FORGE BRIDGE COMPANY LLC",,,,,"Client"
"C000234","ROCK HARD ENERGY SERVICES LLC",,,,,"Client"
"C000235","ROCKIE MONTES CONSTRUCTION LLC",,,,,"Client"
"C000236","ROCKY RIDGE FARM LLC",,,,,"Client"
"C000237","R&R PIPELINE CONSTRUCTION",,,,,"Client"
"C000238","SAPPHIRE CONSTRUCTION INC",,,,,"Client"
"C000239","SAUNDERS CONSTRUCTION INC",,,,,"Client"
"C000240","SAUNDERS CONCRETE STRUCTURES LLC",,,,,"Client"
"C000241","SBD CONCRETE",,,,,"Client"
"C000242","SDI HD HOLDING LLC",,,,,"Client"
"C000243","SEGAL CONCRETE AND CONSTRUCTION",,,,,"Client"
"C000244","SEMA CONSTRUCTION",,,,,"Client"
"C000018","IC ECM SUPPLY LLC",,,,,"Client"
"C000019","IC EASTERN RENTAL CO LLC",,,,,"Client"
"C000020","IC FOXFIRE LLC",,,,,"Client"
"C000021","IC SDI GAS LLC",,,,,"Client"
"C000022","SDI GAS LLC",,,,,"Client"
"C000023","IC NORTH AMERICAN DIRECTIONAL LLC",,,,,"Client"
"C000024","IC IDS INVESTMENTS LLC",,,,,"Client"
"C000025","IC MID ATLANTIC FABRICATION LLC",,,,,"Client"
"C000026","IC MEC CONSTRUCTION LLC",,,,,"Client"
"C000027","IC MOD SERVICES LLC",,,,,"Client"
"C000028","IC MPB REAL ESTATE INVESTMENTS LLC",,,,,"Client"
"C000029","IC NORTHERN STATE TRUCKING LLC",,,,,"Client"
"C000030","IC PLATINUM FLUID SOLUTIONS LLC",,,,,"Client"
"C000031","IC ROYAL CROWN DEVELOPMENT LLC",,,,,"Client"
"C000245","SENECA RESOURCES COMPANY LLC",,,,,"Client"
"C000246","SHIMMICK CONSTRUCTION COMPANY",,,,,"Client"
"C000247","SITESPAN LLC",,,,,"Client"
"C000248","SOUND ENERGY COMPANY INC",,,,,"Client"
"C000249","STEEL NATION",,,,,"Client"
"C000250","STEEL SOLAR",,,,,"Client"
"C000251","STRABAG AG UK BRANCH",,,,,"Client"
"C000252","STRUCTURES INC",,,,,"Client"
"C000253","STURGEON ELECTRIC",,,,,"Client"
"C000254","SUMMIT CUSTOM BUIILDERS",,,,,"Client"
"C000255","SUMMIT PETROLEUM",,,,,"Client"
"C000256","SUNDT CONSTRUCTION INC",,,,,"Client"
"C000257","TASMAN INC",,,,,"Client"
"C000258","TEK CONSTRUCTION LLC",,,,,"Client"
"C000259","TEK PILES LLC",,,,,"Client"
"C000260","TEXAS REPUBLIC SIGNS",,,,,"Client"
"C000261","THALLE CONSTRUCTION LLC",,,,,"Client"
"C000262","THE DIRT DOCTOR",,,,,"Client"
"C000033","IC YOST DRILLING LLC",,,,,"Client"
"C000034","LAYNE A GRANITE CO",,,,,"Client"
"C000035","MITSUBISHI ELECTRIC",,,,,"Client"
"C000036","NOVAK CONSTRUCTION",,,,,"Client"
"C000037","RYCON CONSTRUCTION",,,,,"Client"
"C000038","YOST DRILLING LLC",,,,,"Client"
"C000039","WV DEPARTMENT OF ENVIRONMENTAL PROTECTION",,,,,"Client"
"C000040","COASTAL ENERGY SERVICES LLC",,,,,"Client"
"C000041","CTS INC",,,,,"Client"
"C000042","IC IRON MINE RANCH LLC",,,,,"Client"
"C000043","IC NORTHWEST LLC",,,,,"Client"
"C000044","IC SICK NASTY LLC",,,,,"Client"
"C000045","JE DUNN",,,,,"Client"
"C000032","IC TEK CONSTRUCTION LLC",,,,,"Client"
"C000046","LAKECREST CONSTRUCTION",,,,,"Client"
"C000047","NUWELD INC",,,,,"Client"
"C000048","SHAFT DRILLERS INTERNATIONAL LLC",,,,,"Client"
"C000049","STANTEC CONSULTING SERVICES INC",,,,,"Client"
"C000423","JKLM ENERGY",,,,,"Client"
"C000424","MOUNTAINEER SERVICES LLC",,,,,"Client"
"C000426","IC BOSS OILFIELD TRUCKING LLC",,,,,"Client"
"C000425","COOPER MACHINERY SERVICES",,,,,"Client"
"C000428","C J MAHAN",,,,,"Client"
"C000429","MOUNTAIN CONSTRUCTORS INC",,,,,"Client"
"C000427","EMERY COUNTY COAL COMPANY",,,,,"Client"
"C000443","TRIPLE SEVEN CONTRACTING LLC",,,,,"Client"
"C000444","WAYNES WATER N WELLS",,,,,"Client"
"C000436","BEAN CONTRACTORS INC",,,,,"Client"
"C000431","PARROTTA PAVING",,,,,"Client"
"C000439","LANGSTON CONCRETE INC",,,,,"Client"
"C000434","RETTEW",,,,,"Client"
"C000438","FELLER HOMES",,,,,"Client"
"C000433","LONE PINE CONSTRUCTION CO",,,,,"Client"
"C000430","LOENBRO",,,,,"Client"
"C000435","ASPHALT AND CONCRETE SERVICES LLC",,,,,"Client"
"C000440","MIKE COATES CONSTRUCTION",,,,,"Client"
"C000459","ADIONA TRANSPORTATION SOLUTIONS, LLC",,,,,"Client"
"C000467","WV DEPARTMENT OF TRANSPORTATION",,,,,"Client"
"C000335","ASCENT RESOURCES UTICA LLC",,,,,"Client"
"C000345","ALEX TORRES",,,,,"Client"
"SHOP","SHOP CUSTOMER",,,,,"Client"
"C000358","GOFF CONNECTOR LLC",,,,,"Client"
"C000406","CURRENT HYDRO LLC",,,,,"Client"
"C000404","AMES CONSTRUCTION",,,,,"Client"
"C000405","GREYLOCK ENERGY",,,,,"Client"
"C000407","SCOTT BRADLEY",,,,,"Client"
"C000355","BLUE RACER MIDSTREAM LLC",,,,,"Client"
"C000357","EDGEN MURRAY CORPORATION",,,,,"Client"
"C000336","SUNBELT RENTALS",,,,,"Client"
"C000339","BRINK CONSTRUCTORS INC",,,,,"Client"
"C000340","MICHAEL WILKINSON LLC",,,,,"Client"
"C000356","UNITED ELECTRICAL SERVICES LLC",,,,,"Client"
"C000346","DYNAELECTRIC COLORADO",,,,,"Client"
"C000347","CPB CONTRACTORS PTY LTD",,,,,"Client"
"C000348","ASHLAND FABRICATION LLC",,,,,"Client"
"C000352","ANDERSON EXCAVATING LLC",,,,,"Client"
"C000353","WEST PENN ENERGY SERVICES",,,,,"Client"
"C000334","GREAT PLAINS OILFIELD RENTAL LLC",,,,,"Client"
"C000343","INDEPENDENCE TRAFFIC SERVICE LLC",,,,,"Client"
"C000349","LITTLE KANAWHA CONSERVATION DIVISION",,,,,"Client"
"C000351","CAST AND BAKER",,,,,"Client"
"C000342","ROCKY MOUNTAIN ELECTRIC SYSTEMS LLC",,,,,"Client"
"C000338","SUNTEC CONCRETE",,,,,"Client"
"C000341","RJ GLEESON",,,,,"Client"
"C000344","SOUTHEASTERN UTILITY SERVICES",,,,,"Client"
"C000337","URBAN SOLUTIONS GROUP",,,,,"Client"
"C000361","ADVANCED GEOLOGIC EXPLORATION",,,,,"Client"
"C000354","INFINITY NATURAL RESOURCES LLC",,,,,"Client"
"C000350","REEVES YOUNG",,,,,"Client"
"C000420","BERKSHIRE HATHAWAY ENERGY CO",,,,,"Client"
"C000417","IC ASHLAND FABRICATION LLC",,,,,"Client"
"C000418","IC DIAMOND L ENTERPRISE LLC",,,,,"Client"
"C000419","DAY & ZIMMERMANN NPS INC",,,,,"Client"
"C000422","IC PLATINUM FLUID SOLUTIONS LLC",,,,,"Client"
"C000456","QUALCORR ENGINEERING",,,,,"Client"
"C000457","ROC SERVICE COMPANY",,,,,"Client"
"C000458","GOLDEN TRIANGLE CONSTRUCTION",,,,,"Client"
"C000462","BENCHMARK CONSTRUCTION INC",,,,,"Client"
"C000408","HOWEY RUN OIL & GAS",,,,,"Client"
"C000411","MILLER VALENTINE CONSTRUCTION",,,,,"Client"
"C000412","PROSCAPE",,,,,"Client"
"C000415","WHEELING LONGWALL & REBUILD",,,,,"Client"
"C000409","UNITED RENTALS",,,,,"Client"
"C000413","OSCAR RENDE CONTRACTING",,,,,"Client"
"C000410","TRAYMARK LLC",,,,,"Client"
"C000414","STONE HILL CONTRACTING CO INC",,,,,"Client"
"C000416","CONCRETE WORKS OF COLORADO INC",,,,,"Client"
"C000454","NATIONAL SIGN ERECTORS",,,,,"Client"
