"Equipment","Description","Status"
"26-1209","2025 Ford F-250 XL","inactive"
"26-1210","2025 Ford F-250 XL","inactive"
"26-1211","2025 Ford F-250 XL","inactive"
"26-1212","Peterbilt Winch Tractor","inactive"
"26-1213","2018 Chevrolet Silverado 2500","inactive"
"26-1214","2025 Ford F-150 XLT","inactive"
"26-1215","2025 Ford F-150 XLT","inactive"
"26-1506","CAT 216 Skid Steer","inactive"
"26-1508","2016 CAT 316 Excavator","inactive"
"26-1510","2016 CAT 316EL Excavator","inactive"
"26-1511","2016 CAT 316EL Excavator","inactive"
"26-1512","CAT D6NXL Dozer","inactive"
"26-1515","John Deere 700HXLT","inactive"
"26-1516","CAT D6NXL Dozer","inactive"
"26-1517","John Deere 700K LGP","inactive"
"26-0651","Cuttings Tub Rig 26-0251","inactive"
"26-0652","Pipe Tub from Chisler Bros","inactive"
"26-0653","Pipe Tub from Chisler Bros","inactive"
"26-0654","Pipe Tub from Chisler Bros","inactive"
"26-0700","Magnum Pro 45KVA Generator","inactive"
"26-0701","Magnum Pro 45KVA Generator","inactive"
"26-0705","Triplex Pump # 1","inactive"
"26-0706","Triplex Pump # 2","inactive"
"26-0707","Triplex Pump # 3","inactive"
"26-0708","Triplex Pump #4","inactive"
"26-0709","Triplex Pump #5","inactive"
"26-0710","Triplex Pump #6","inactive"
"26-0713","Atlas-Copcp - RD20 2007","inactive"
"26-0715","Finn B70 Straw Blower","inactive"
"26-0717","Finn B70 Strawblower","inactive"
"26-1518","CAT 316FL Excavator","inactive"
"26-1519","CAT 316FL Excavator","inactive"
"26-1521","CAT D6NXL w/Winch","inactive"
"26-1522","CAT D6NXL w/Winch","inactive"
"26-1523","CAT 316FL Excavator","inactive"
"26-1524","CAT 316FL Excavator","inactive"
"26-1525","CAT 289D Track Skid Steer","inactive"
"26-1526","CAT 289D Track Skid Steer","inactive"
"26-1534","IHI IC50 Personell Carrier","inactive"
"26-1538","CAT D6NXL Dozer w/ winch","inactive"
"26-1539","CAT 316FL Excavator","inactive"
"26-1542","CAT 316FL Excavator","inactive"
"26-1543","CAT 317GC Excavator","inactive"
"26-1544","CAT 317GC Excavator","inactive"
"26-1545","Genie 10K Telehendler","inactive"
"26-0719","Fishing Tools","inactive"
"26-0721","Triplex Pump TT560","inactive"
"26-0722","Triplex Pump TT560","inactive"
"26-0728","Hydraulic Power Tongs","inactive"
"26-0730","Water Tank - Rig 234","inactive"
"26-0733","BJ Type ""C"" Tongs","inactive"
"26-0735","Triplex Pump Package TT-560","inactive"
"26-0736","IR RD-20 Gear Box","inactive"
"26-0737","Ideco 175 Rotary Table","inactive"
"26-0738","Hyd. Tubing Tongs","inactive"
"26-0739","Hyd. Tubing Tongs","inactive"
"26-0740","Hyd. Tubing Tongs","inactive"
"26-0741","BVA Port-a-power","inactive"
"26-0742","Hyd Break Out Machine","inactive"
"26-0743","Hyd Break Out Machine","inactive"
"26-1546","CAT D5 XL, VPAT, Winch","inactive"
"26-1547","CAT D5 XL, VPAT, Winch","inactive"
"26-1548","CAT 317GC Excavator","inactive"
"26-1549","CAT 317GC Excavator","inactive"
"26-1550","Hamm H12i Padfoot Roller","inactive"
"26-1551","Prinoth T14R Track Dump Truck","inactive"
"26-1552","CAT D5 XL, VPAT, Winch","inactive"
"26-1553","Toyota 5,000 Lb Forklift","inactive"
"26-1554","CAT D6N XL","inactive"
"26-1555","CAT D6N LGP","inactive"
"26-1556","JLG 9K Telehandler","inactive"
"26-1557","PA55SS Winch *SPARE*","inactive"
"26-1558","CAT TH514C Telehandler","inactive"
"26-1559","CAT D6NXL Dozer","inactive"
"26-1560","CAT 289D Skid Steer","inactive"
"26-0744","CAT D6D CRAWLER TRACTOR","inactive"
"26-0747","Cutting Tank #1","inactive"
"26-0748","Mud Tank #1","inactive"
"26-0750","Mud Tank #3","inactive"
"26-0751","Mud Tank #4","inactive"
"26-0752","Mud Tank #5","inactive"
"26-0753","Mud Tank #6","inactive"
"26-0762","Power Pro 45 - Rig #213","inactive"
"26-0763","PowerPro 45","inactive"
"26-0764","Power Pro 45 - Rig #215","inactive"
"26-0765","PowerPro 45","inactive"
"26-0778","Power Pro 45 - Rig #221","inactive"
"26-0781","300bbl Laydown Water Tank","inactive"
"26-0782","300bbl Laydown Water Tank","inactive"
"26-0783","300bbl Laydown Water Tank","inactive"
"26-1561","CAT D6NXL w Winch","inactive"
"26-1562","CAT 265 Skid Steer SK","inactive"
"26-1600","CNC Vertical Machining Center","inactive"
"26-1601","Electric Drum Cement Blower","inactive"
"26-1602","2012 CAT D6N Crawler Dozer","inactive"
"26-1603","Morooka Crawler Carrier","inactive"
"26-1707","Finn B70 Strawblower","inactive"
"26-1710","Broce Street Sweeper","inactive"
"26-1719","John Deere Pick Up Broom","inactive"
"26-1720","Sweepster Tow Behind Broom","inactive"
"26-1721","Lay-Mor Street Sweeper","inactive"
"26-1722","CAT BA18 Angle Broom SSL","inactive"
"26-1723","Alkota 5355J Steam Pressure Washer","inactive"
"26-1724","Portable Hyd. Cat Walk","inactive"
"26-1725","Portable Hyd. Cat Walk","inactive"
"26-0784","300bbl Laydown Water Tank","inactive"
"26-0785","300bbl Laydown Water Tank","inactive"
"26-0786","300bbl Laydown Water Tank","inactive"
"26-0791","170BBL Mud Tank","inactive"
"26-0792","300BBL Water Tank","inactive"
"26-0802","Substructure for Rig 214","inactive"
"26-0804","Substructure for Rig 220","inactive"
"26-0805","Substructure for Rig 221","inactive"
"26-0808","210bbl Water Tank","inactive"
"26-0809","210bbl Water Tank","inactive"
"26-0814","Ideco Rotary Table","inactive"
"26-0815","IDECO Rotary Table w/split","inactive"
"26-0816","Pramac Generator","inactive"
"26-0819","Ideco Rotary Table/Accesories","inactive"
"26-0820","Reflex Giro Kit","inactive"
"26-1726","Portable Hyd. Cat Walk","inactive"
"26-1727","Blue Diamond Brush Mower SSL","inactive"
"26-1728","2023 Bravo 7X16 Box Trailer","inactive"
"26-1729","77"" Brush Cutter - SSL","inactive"
"26-1730","77"" Brush Cutter - SSL","inactive"
"26-1731","69"" Brush Cutter - SSL","inactive"
"26-1732","69"" Brush Cutter - SSL","inactive"
"26-1733","2014 Alfab 36' Tandem Axle Trailer","inactive"
"26-1734","2011 Stanton Dynamic Tandem Axle Trailer","inactive"
"26-1735","2006 Stanton Tandem Pipe Trailer","inactive"
"26-1736","2010 Viking Flatbed Oilfield Trailer","inactive"
"26-1737","Skid Steer Power Rake","inactive"
"26-1738","Skid Steer Power Rake","inactive"
"26-1739","3 Arm Pulse Caliper","inactive"
"26-0821","Reflex Giro Kit","inactive"
"26-0826","Reflex Gyro Kit - Brazil","inactive"
"26-0835","2 Stage Hyd Pump 10,000 PSI","inactive"
"26-0836","2 Stage Hyd Pump 10,000 PSI","inactive"
"26-0838","Mud Pump? - No Info","inactive"
"26-0844","Bumper Jars 4.75 and 5.75? - No Info","inactive"
"26-0855","Barbco Guidance System","inactive"
"26-0856","Bin Insp System/Tr-light Light Hea","inactive"
"26-0857","Coastal Pluggin Fuel Tank #7","inactive"
"26-0858","Sub Structure Rig 237","inactive"
"26-0895","Cecor Electric Sumpcleaner","inactive"
"26-0898","Borehole Camera System","inactive"
"26-0900","Ideco 110 Shorty API Data Pack","inactive"
"26-0913","1000 GAL LD Skid Tank","inactive"
"26-0914","1000 GAL LD Skid Tank","inactive"
"26-1740","Street Sweeper - 4 Wheel","inactive"
"26-1741","Skid Steer Power Rake","inactive"
"26-1742","Skid Steer Power Rake","inactive"
"26-1743","Skid Steer Hedge Trimmer","inactive"
"26-1744","Skid Steer 40"" Tree Spade","inactive"
"26-1745","2012 Canrig Hydraulic Catwalk","inactive"
"26-1746","2011 Canrig PC 1000 Hyd Catwalk","inactive"
"26-1747","Q/A Rockhound Attachment","inactive"
"26-1800","NOV Bowen Super Jar","inactive"
"26-1801","NOV Bowen Intensifier","inactive"
"26-1804","Cuttings Tub #1 NAD Built","inactive"
"26-1805","Cuttings Tub #2 NAD Built","inactive"
"26-1806","Rausch Spinning Tool","inactive"
"26-1807","EVCO Power Swivel Trailer Mounted","inactive"
"26-0915","Doosan Puma 800L Saw","inactive"
"26-0931","300BBL Water Tank Rig 242","inactive"
"26-0932","300BBL Water Tank Rig 243","inactive"
"26-0936","2007 Tulsa Mud Pump","inactive"
"26-0939","30 KW Generator","inactive"
"26-0941","WP Super Jars X 6","inactive"
"26-0942","WP Intensifer Jars X 6","inactive"
"26-0943","CDE WS Sub Structure for 213","inactive"
"26-0944","300 bbl water tank","inactive"
"26-0945","300 bbl water tank","inactive"
"26-0946","300 bbl water tank","inactive"
"26-0947","300 bbl water tank","inactive"
"26-0948","300 bbl water tank","inactive"
"26-0949","Logan 85 Ton Power Swivel","inactive"
"26-0951","Circulating Tank","inactive"
"26-1808","200 BBL Mud Tank","inactive"
"26-1809","Doghouse","inactive"
"26-1810","2008 Stanton Dymatic Doghouse","inactive"
"26-1811","12000# Open Top Mud Tank","inactive"
"26-1812","Hydraulic Chain Tongs","inactive"
"26-1813","Hydraulic Chain Tongs","inactive"
"26-1814","EVCO Power Swivel","inactive"
"26-1815","Scorpion Hydraulic Tong","inactive"
"26-1816","Shop Built Mud Tank","inactive"
"26-1817","SK Derrick Rig 212","inactive"
"26-1818","SK Derrick Rig 213","inactive"
"26-1819","SK Derrick Rig 214","inactive"
"26-1820","SK Derrick Rig 215","inactive"
"26-1821","SK Derrick Rig 220","inactive"
"26-1822","SK Derrick Rig 221","inactive"
"26-0952","Dual Compartment mud Tank","inactive"
"26-0953","Dual Compartment mud Tank","inactive"
"26-0954","King Swivel Rig 212","inactive"
"26-0955","King Swivel Rig 213","inactive"
"26-0956","King Swivel Rig 214","inactive"
"26-0957","King Swivel Rig 215","inactive"
"26-0958","King Swivel Rig 220","inactive"
"26-0959","King Swivel Rig 221","inactive"
"26-0960","King Swivel Rig 234","inactive"
"26-0961","King Swivel Rig 237","inactive"
"26-0962","Tulsa TT560 Well Service Pump","inactive"
"26-0963","2007 Tulsa 560 Pump","inactive"
"26-0964","Tulsa Triplex Pump","inactive"
"26-0965","IDECO UTB110 Traveling Block","inactive"
"26-0966","Baoji F-1000 Mud Pump","inactive"
"26-1823","SK Derrick Rig 247","inactive"
"26-1824","SK Derrick Spare","inactive"
"26-1825","Sub Structure Rig 238","inactive"
"26-1826","Engine PKG S60-500","inactive"
"26-1827","Engine PKG S60-500","inactive"
"26-1828","Block 82A Sheave","inactive"
"26-1829","Block 82A Sheave","inactive"
"26-1830","BDW 17-1/2 Rotary Table","inactive"
"26-1831","BDW 17-1/2 Rotary Table","inactive"
"26-1840","2012 Trailer Mounted Power Swivel","inactive"
"26-1841","4 - Station Closing Unit","inactive"
"26-1844","Multiquip 45KW Generator","inactive"
"26-1845","Multiquip 45KW Generator","inactive"
"26-1846","Multiquip 45KW Generator","inactive"
"26-1847","Multiquip 45KW Generator","inactive"
"26-0968","Twister Rotary Table","inactive"
"26-0969","Rotary Table w/ Master Bushing","inactive"
"26-0971","Sub Structure Rig 212","inactive"
"26-0973","Green Rotary Table","inactive"
"26-0974","Mud Pump","inactive"
"26-0975","Mud Pump","inactive"
"26-0976","Mud Pump","inactive"
"26-0977","Mud Tank","inactive"
"26-0978","Tulsa TT-560 Triplex Pump","inactive"
"26-0979","Tulsa TT-550 Triplex Pump","inactive"
"26-0980","Tulsa TT560 Pump","inactive"
"26-0981","Tulsa TT560 Pump","inactive"
"26-0982","Tulsa TT560 Pump","inactive"
"26-1021","2009 Mack Winch Tractor","inactive"
"26-1037","2015 Ram 2500","inactive"
"26-1849","3.500 OD 2 Blade Cutter","inactive"
"26-1850","Ideco 175F Rotary Table","inactive"
"26-1851","CDE Iron Rough Neck 01","inactive"
"26-1852","BRS2C Boring Tool","inactive"
"26-1853","LWS 7-1/16"" 5000# Dbl Blowout Preventer","inactive"
"26-1854","Eckel Power Tongs","inactive"
"26-1855","2021 Yamaha Wolv X 4","inactive"
"26-1857","Cement Portable Silo","inactive"
"26-1858","Cement Portable Silo","inactive"
"26-1859","Cement Portable Silo","inactive"
"26-1860","Cement Portable Silo","inactive"
"26-1861","Cement Portable Silo","inactive"
"26-1862","Cement Portable Silo","inactive"
"26-1863","3.5 Power Swivel","inactive"
"26-1864","Cement Silo","inactive"
"26-1056","Freightliner Water Truck","inactive"
"26-1058","2017 Ram 2500","inactive"
"26-1063","2017 Chevy Silverado 2500","inactive"
"26-1079","2018 Chevrolet Silverado 2500","inactive"
"26-1082","2018 Chevrolet Silverado 2500","inactive"
"26-1083","2018 Chevrolet Silverado 2500","inactive"
"26-1088","2018 Chevrolet Silverado 2500","inactive"
"26-1095","2018 Chevrolet Silverado 2500","inactive"
"26-1096","2018 Chevrolet Silverado 2500","inactive"
"26-1101","2018 Chevrolet Silverado 2500","inactive"
"26-1104","2018 Dodge Ram 5500","inactive"
"26-1108","2019 Chevrolet Express 3500 Van","inactive"
"26-1109","RAM 5500 Service Truck","inactive"
"26-1110","1982 GMC Cement Pump Truck","inactive"
"26-1865","Cement Silo","inactive"
"26-1866","Mud Tank","inactive"
"26-1867","WSD Iron Rough Neck 2.0 – 1","inactive"
"26-1868","WSD Iron Rough Neck 2.0 – 2","inactive"
"26-1869","WSD Iron Rough Neck 2.0 – 3","inactive"
"26-1870","Hacker HT-175S Rotary Table","inactive"
"26-1871","Wire Line Logging Tool","inactive"
"26-1872","CWS Built Drum Cement Blower","inactive"
"26-1873","Cuttings Tank","inactive"
"26-1874","Cuttings Tank","inactive"
"26-1875","Cuttings Tank","inactive"
"26-1876","Cuttings Tank","inactive"
"26-1877","Iron Roughneck V1","inactive"
"26-1878","Iron Roughneck V2","inactive"
"26-1879","Iron Roughneck V2","inactive"
"26-1113","2006 International Tractor","inactive"
"26-1114","2006 International Tractor","inactive"
"26-1116","2011 Fontaine Trailer","inactive"
"26-1117","2011 Fontaine Trailer","inactive"
"26-1120","2018 Chevy Silverado 2500","inactive"
"26-1121","2020 Ford F-250","inactive"
"26-1122","2020 Ford F-250","inactive"
"26-1123","2020 Ford F-250","inactive"
"26-1124","2020 Ford F-250","inactive"
"26-1125","2017 Dodge 2500 Crew Cab","inactive"
"26-1128","Ford F350 Diesel Dual RW Utility","inactive"
"26-1129","Ford F350 Diesel Dual RW Utility","inactive"
"26-1130","2006 Westernstar Cement Pump Truck","inactive"
"26-1131","Peterbilt Model 362 Bulk Truck","inactive"
"26-1880","Iron Roughneck V2","inactive"
"26-1882","D&W Vacuum Pump","inactive"
"26-1883","D&W Vacuum Pump","inactive"
"26-1884","Single Screen Shale Shaker","inactive"
"26-1885","7x7x7 Explosives Magazine Box","inactive"
"26-1886","Dust Collector","inactive"
"26-1887","EVCO 120 Power Swivel","inactive"
"26-1888","EZ-CUT Section Mill","inactive"
"26-1889","Iron Roughneck Pedestal Mount","inactive"
"26-1890","Substructure Mud Boat #1","inactive"
"26-1891","Substructure Mud Boat #2","inactive"
"26-1892","Bowen S3.5 120T Power Swivel","inactive"
"26-1893","3 5/8"" Casing Section Mill","inactive"
"26-1894","Yost Short Mud Tank 1","inactive"
"26-1895","Yost Short Mud Tank 2","inactive"
"26-0038","1999 Mack Tractor from Zeni","inactive"
"26-0048","Mack Truck - 1999, 1M2P270C5YM","inactive"
"26-0099","Kenworth T800 Winch Tractor","inactive"
"26-0109","Talbert 3 axle 55 ton Detach Trailer","inactive"
"26-0110","TRAILMOBILE DR0P DECK","inactive"
"26-0111","Quality Deckover Utility Trailer","inactive"
"26-0112","Quality 18+4 PRO Deckover Trailer","inactive"
"26-0113","Doghouse #1 - Rig #212","inactive"
"26-0114","Doghouse #2 - Rig #213","inactive"
"26-0115","Doghouse #3 - Rig #214","inactive"
"26-0116","Doghouse #4 - Rig #215","inactive"
"26-0120","Top Brand 21' Beavertail","inactive"
"26-0124","Doghouse #5","inactive"
"26-0125","Doghouse #6","inactive"
"26-1132","Peterbilt Model 362 Bulk Truck","inactive"
"26-1133","International Tandem Axle Truck","inactive"
"26-1134","International Lube Truck","inactive"
"26-1135","Ram 5500 Service Truck","inactive"
"26-1138","Kenworth T800 4 Axle Tractor","inactive"
"26-1139","2018 Chevy Silverado 2500","inactive"
"26-1140","2022 Pitts LB35-38CS Trailer","inactive"
"26-1141","2015 Ram 2500","inactive"
"26-1142","2022 Dodge Ram 2500 Tradesman","inactive"
"26-1143","2015 Ram 2500","inactive"
"26-1144","2022 Dodge Ram 2500 Crew Cab","inactive"
"26-1145","2022 Dodge Ram 2500 Crew Cab","inactive"
"26-1146","2022 Dodge Ram 2500 Crew Cab","inactive"
"26-1147","2007 Mack Cement Pump Truck","inactive"
"26-1896","2006 XK150 Power Swivel w CAT C9","inactive"
"26-1897","2008 Mud Pump w John Deere Engine","inactive"
"26-1898","Multiquip 45KW Generator","inactive"
"26-1899","5 Ton Top Running Crane with Hoist","inactive"
"26-1900","10 Ton Monorail Hoist","inactive"
"26-1901","Geovision Deluxe Camera System","inactive"
"26-1902","Bowen 3.5 120 Ton Power Swivel","inactive"
"26-1903","Bowen 3.5 120 Ton Power Swivel","inactive"
"26-1904","EVCO 2.5 85 Ton Power Swivel","inactive"
"26-1905","TUBING TONG, 56000,","inactive"
"26-1906","TUBING TONG, 56000,","inactive"
"26-1907","Power Mig 360MP Welder","inactive"
"26-1908","Mud Tank 36'x7'","inactive"
"26-1909","Evco 85 Ton Swivel Trailer","inactive"
"26-0126","1994 Pitt Log Trailer","inactive"
"26-0128","2017 Big Tex Trailer","inactive"
"26-0131","Fruehauf Trailer w/ Fuel Tank`","inactive"
"26-0136","Rig 713 Doghouse Trailer","inactive"
"26-0137","2013 Gooseneck Trailer","inactive"
"26-0138","1994 Stoughton Box Trailer","inactive"
"26-0141","ASM Doghouse Trailer - Rig 229","inactive"
"26-0142","Joe's Welding Float Trailer","inactive"
"26-0143","1979 Fontaine Trailer","inactive"
"26-0144","1990 Trailmobile 46' Reefer","inactive"
"26-0145","Dog House Rig 238","inactive"
"26-0146","1981 Dickerson 2 Axle Float","inactive"
"26-0147","Custom Fab Utility Trailer","inactive"
"26-0149","1987 Kalyn T/A Flatbed Trailer","inactive"
"26-1148","2022 Ford F-250 XL Crew Cab","inactive"
"26-1149","2022 Ford F-250 Crew Cab XL","inactive"
"26-1150","2022 Ford F-250 Crew Cab XL","inactive"
"26-1151","2022 Ford F-250 Crew Cab XL","inactive"
"26-1155","1997 Western Star 80BBL Water Truck","inactive"
"26-1156","2013 Western Star Tractor Water Truck","inactive"
"26-1157","2023 Chevrolet Silverado 2500 HD","inactive"
"26-1158","2023 Chevrolet Silverado 2500HD","inactive"
"26-1159","2023 Chevrolet Silverado 2500HD","inactive"
"26-1160","2022 Ford F-250 Crew Cab XL","inactive"
"26-1161","2022 Ford F-250 Crew Cab XL","inactive"
"26-1162","2022 Ford F-250 Crew Cab XL","inactive"
"26-1163","2023 Chevrolet 3500 Crew Utility","inactive"
"26-1164","2019 Ford F-550 W/ Wireline Box","inactive"
"26-1910","ECKEL Power Tong Jaws","inactive"
"26-1911","Reverse Circulating Tank","inactive"
"26-1912","Service King Power Tong","inactive"
"26-1913","Tubing Tong RT56000","inactive"
"26-1914","Tubing Tong RT56000","inactive"
"26-1915","Venturetech XK-90 Power Swivel","inactive"
"26-1916","Venturetech XK-90 Power Swivel","inactive"
"26-1917","Logan Oil Tools PS-85","inactive"
"26-1918","Shop Built Cutting Tub","inactive"
"26-1919","Shop Built Cutting Tub","inactive"
"26-2012","2008 CAT D6N XL","inactive"
"26-2037","2011 Premier Trailer","inactive"
"26-2038","2011 Premier Trailer","inactive"
"26-2050","Premier 6X12 Utility Trailer","inactive"
"26-0150","2017 Car Mate Cargo Trailer","inactive"
"26-0151","2017 Car Mate Cargo Trailer","inactive"
"26-0152","ALFAB Trailer","inactive"
"26-0154","Pitts 35 Ton Ramp Trailer","inactive"
"26-0156","Rauch Hydraulic Spinning Tool","inactive"
"26-0157","Rauch Hydraulic Spinning Tool","inactive"
"26-0158","98 Fruehauf Doghouse Trailer","inactive"
"26-0159","3 Axle Folding Neck Lowboy","inactive"
"26-0160","07 Fontaine 8'x20' Doghouse","inactive"
"26-0161","7'x16' Car Mate Enclosed Trailer","inactive"
"26-0162","Homesteader 7x16 Cargo Trailer","inactive"
"26-0163","2008 JMCY Float Trailer","inactive"
"26-0164","Sure Trac 7x20 Equip Trailer","inactive"
"26-0165","Holden 41' Tri/A Step Deck","inactive"
"26-1165","2012 Ford F-550 W/ Wireline Box","inactive"
"26-1166","2007 GMC C 5500 w/ Wireline Box","inactive"
"26-1167","1991 International 8100 Series","inactive"
"26-1168","2023 Ford F-150 XL Crew Cab","inactive"
"26-1170","2023 Chevrolet Silverado 2500 HD","inactive"
"26-1171","2023 Chevrolet Silverado 2500 HD","inactive"
"26-1173","2023 GMC Sierra 1500 Denali","inactive"
"26-1174","2023 Chevrolet Silverado 2500 HD","inactive"
"26-1175","2007 Western Star Winch Truck","inactive"
"26-1176","Tico S/A Yard Truck","inactive"
"26-1177","Kenworth W990 Tractor","inactive"
"26-1178","2023 Chevrolet Silverado 2500","inactive"
"26-1179","2024 Ford F-350 Utility Bed","inactive"
"26-1180","2025 Peterbilt 567 Winch Truck","inactive"
"26-2054","2011 Corn Pro 14K Trailer","inactive"
"26-2800","Doghouse for Rig 242","inactive"
"26-0182","Dickerson Trailor Red Float","inactive"
"26-0183","2026 Big Tex Trailer","inactive"
"26-0196","Lowboy Trailor Red Rogers","inactive"
"26-0206","Driltech D25KW Truck Drill","inactive"
"26-0212","SK-575","inactive"
"26-0213","SK-148","inactive"
"26-0214","SK-375","inactive"
"26-0215","SK-375","inactive"
"26-0220","SK 375","inactive"
"26-0221","SK 375","inactive"
"26-0234","Ideco H-37 Drill Rig","inactive"
"26-0237","Ideco H35 Drill Rig","inactive"
"26-0238","Ideco H35 Drill Rig","inactive"
"26-0242","Arcadia Well Service Rig","inactive"
"26-0243","BCA Fab Well Service Rig","inactive"
"26-1181","2023Chevrolet Silverado 2500 HD","inactive"
"26-1182","2023 Chevrolet Silverado 2500 HD","inactive"
"26-1183","2023 Chevrolet Silverado 2500HD","inactive"
"26-1184","2024 Chevrolet Silverado 2500HD","inactive"
"26-1185","2024 RAM 5500 Service Truck","inactive"
"26-1186","RAM 5500 Crew Flatbed","inactive"
"26-1187","2022 Ford F-250 Crew Cab","inactive"
"26-1188","2023 Chevrolet Silverado HD","inactive"
"26-1189","1998 Peterbilt Bulk Chassis","inactive"
"26-1190","1997 Peterbilt Bulk Chassis","inactive"
"26-1191","2025 Ford F-250 XL","inactive"
"26-1192","2025 Ford F-250 XL","inactive"
"26-1193","2025 Ford F-250 XL","inactive"
"26-1194","2025 Ford F-250 XL","inactive"
"26-0247","Service King SK375","inactive"
"26-0248","Mack/ SR50 Service Rig","inactive"
"26-0249","Mack/BCA C25A Service Rig","inactive"
"26-0250","Service King SK375","inactive"
"26-0251","Dickerson SR-60 Service Rig S/N 4804","inactive"
"26-0314","Zeni construction Pump","inactive"
"26-0332","Cement Pump - Zeni 21-0475","inactive"
"26-0401","COMPRESS","inactive"
"26-0406","IR 1170 Air Compressor","inactive"
"26-0407","IR 1170 Air Compressor","inactive"
"26-0415","Ingersol Rand 1170/350 Comp","inactive"
"26-0421","NAPA Air Compressor","inactive"
"26-0422","INGERSOL RAND","inactive"
"26-0551","07 Cat D6NXL Dozer","inactive"
"26-0552","07 Cat D6NXL Dozer","inactive"
"26-1195","2025 Ford F-250 XL","inactive"
"26-1196","2025 Ford F-250 XL","inactive"
"26-1197","2025 Ford F-250 XL","inactive"
"26-1198","2025 Ford F-250 XL","inactive"
"26-1199","2025 Ford F-250 XL","inactive"
"26-1200","2023 Chevrolet Silverado 5500 Crew Cab","inactive"
"26-1201","2025 Ford F-250 XL","inactive"
"26-1202","2025 Ford F-250 XL","inactive"
"26-1203","2025 Ford F-250 XL","inactive"
"26-1204","2025 Ford F-250 XL","inactive"
"26-1205","2025 Ford F-250 XL","inactive"
"26-1206","2025 Ford F-250 XL","inactive"
"26-1207","2025 Ford F-250 XL","inactive"
"26-1208","2025 Ford F-250 XL","inactive"
"26-0567","D6D from GTM East","inactive"
"26-0568","D6D","inactive"
"26-0577","Cat D6D Dozer 04X06640","inactive"
"26-0580","CAT D6D Dozer","inactive"
"26-0581","CAT D6NXL Dozer","inactive"
"26-0584","CAT D6NXL Dozer","inactive"
"26-0585","CAT D6NXL Dozer","inactive"
"26-0586","CAT D6NXL Dozer","inactive"
"26-0587","CAT D6NXL","inactive"
"26-0588","CAT D6NXL","inactive"
"26-0589","Volvo EC160DL Excavator","inactive"
"26-0596","McCormick XTX-185 Tractor","inactive"
"26-0599","CAT D6NXL W Dozer","inactive"
"26-0600","EZ CUT Section Mill Tool","inactive"
"26-0648","Cuttings Tub Rig 26-0248","inactive"
"26-0121","26-0121-2006 Aztec Lowboy w/Rolling Tailborad","inactive"
"26-1563","CATERPILLAR D6N XL CRAWLER","inactive"
