"Job","Well","Description","County","Unique_Job","Record_Type_Name","Status","AR_Customer","WorkTypeId"
"07193-26-01","MISC RENO WIRELINE","MISC RENO WIRELINE","","07193-26-01-job","Job","inactive","C000067","08qVb000000CfU4IAK"
"07109-26-01","MATT-WATER HAULING","MATT-WATER HAULING","","07109-26-01-job","Job","inactive","C000082","08qVb000000CfU4IAK"
"07272-26-01","COP TRACT 29 #1","COP TRACT 29 #1","","07272-26-01-job","Job","active","C000052","08qVb000000CfU4IAK"
"07140-26-01","1043","1043","","07140-26-01-job","Job","inactive","C000128","08qVb000000CfU4IAK"
"07273-26-01","EQT KEY RING MISC CHARGES","EQT KEY RING MISC CHARGES","","07273-26-01-job","Job","active","C000052","08qVb000000CfU4IAK"
"07310-26-01","1662","1662","","07310-26-01-job","Job","active","C000086","08qVb000000CfU4IAK"
"07312-26-01","LARRYS CREEK A 6H","LARRYS CREEK A 6H","","07312-26-01-job","Job","active","C000052","08qVb000000CfU4IAK"
"07313-26-01","WW LITKE A 6H","WW LITKE A 6H","","07313-26-01-job","Job","active","C000052","08qVb000000CfU4IAK"
"07311-26-01","YB-1 PIPELINE","YB-1 PIPELINE","","07311-26-01-job","Job","active","C000052","08qVb000000CfU4IAK"
"07307-26-01","GH-90","GH-90","","07307-26-01-job","Job","active","C000084","08qVb000000CfU4IAK"
"07308-26-01","GH-88","GH-88","","07308-26-01-job","Job","active","C000084","08qVb000000CfU4IAK"
"07309-26-01","GH-87","GH-87","","07309-26-01-job","Job","active","C000084","08qVb000000CfU4IAK"
"07332-26-01","FLETCHER 1","FLETCHER 1","","07332-26-01-job","Job","active","C000067","08qVb000000CfU4IAK"
"07333-26-01","8254","8254","","07333-26-01-job","Job","active","C000066","08qVb000000CfU4IAK"
"07335-26-01","7391","7391","","07335-26-01-job","Job","active","C000065","08qVb000000CfU4IAK"
"07334-26-01","7387","7387","","07334-26-01-job","Job","active","C000065","08qVb000000CfU4IAK"
"07337-26-01","M-1842","M-1842","","07337-26-01-job","Job","active","C000067","08qVb000000CfU4IAK"
"07336-26-01","M-1831","M-1831","","07336-26-01-job","Job","active","C000067","08qVb000000CfU4IAK"
"07267-26-01","3691","3691","","07267-26-01-job","Job","active","C000086","08qVb000000CfU4IAK"
"07270-26-01","GH-83","GH-83","","07270-26-01-job","Job","active","C000084","08qVb000000CfU4IAK"
"07271-26-01","MARY E GARY #1","MARY E GARY #1","","07271-26-01-job","Job","active","C000052","08qVb000000CfU4IAK"
"07269-26-01","GH-24","GH-24","","07269-26-01-job","Job","active","C000085","08qVb000000CfU4IAK"
"07268-26-01","429","429","","07268-26-01-job","Job","active","C000083","08qVb000000CfU4IAK"
"07282-26-01","MISC H&K TRUCKING","MISC H&K TRUCKING","","07282-26-01-job","Job","active","C000011","08qVb000000CfU4IAK"
"07264-26-01","MD-31","MD-31","","07264-26-01-job","Job","active","C000066","08qVb000000CfU4IAK"
"07266-26-01","M-1927","M-1927","","07266-26-01-job","Job","active","C000067","08qVb000000CfU4IAK"
"07265-26-01","GVB 9-2B","GVB 9-2B","","07265-26-01-job","Job","active","C000083","08qVb000000CfU4IAK"
"07306-26-01","877","877","","07306-26-01-job","Job","active","C000086","08qVb000000CfU4IAK"
"07305-26-01","CHARLEROI MRN CLUB #2019","CHARLEROI MRN CLUB #2019","","07305-26-01-job","Job","active","C000052","08qVb000000CfU4IAK"
"07331-26-01","M-1830","M-1830","","07331-26-01-job","Job","active","C000067","08qVb000000CfU4IAK"
"07303-26-01","1661/1661A","1661/1661A","","07303-26-01-job","Job","active","C000086","08qVb000000CfU4IAK"
"07304-26-01","10-3 GVB","10-3 GVB","","07304-26-01-job","Job","active","C000082","08qVb000000CfU4IAK"
"07299-26-01","8265","8265","","07299-26-01-job","Job","active","C000066","08qVb000000CfU4IAK"
"07301-26-01","GH 109 PG","GH 109 PG","","07301-26-01-job","Job","active","C000086","08qVb000000CfU4IAK"
"07300-26-01","8269","8269","","07300-26-01-job","Job","active","C000066","08qVb000000CfU4IAK"
"07302-26-01","GH 109 SW","GH 109 SW","","07302-26-01-job","Job","active","C000086","08qVb000000CfU4IAK"
"07329-26-01","6S6E-2","6S6E-2","","07329-26-01-job","Job","active","C000067","08qVb000000CfU4IAK"
"07319-26-01","POWEL MISC WIRELINE","POWEL MISC WIRELINE","","07319-26-01-job","Job","active","","08qVb000000CfU4IAK"
"07323-26-01","IS1-10000-04","IS1-10000-04","","07323-26-01-job","Job","active","C000052","08qVb000000CfU4IAK"
"07320-26-01","GH-81","GH-81","","07320-26-01-job","Job","active","C000084","08qVb000000CfU4IAK"
"07325-26-01","6N5E-1B","6N5E-1B","","07325-26-01-job","Job","active","C000067","08qVb000000CfU4IAK"
"07322-26-01","GH-1","GH-1","","07322-26-01-job","Job","active","C000084","08qVb000000CfU4IAK"
"07327-26-01","6N6E-3","6N6E-3","","07327-26-01-job","Job","active","C000067","08qVb000000CfU4IAK"
"07330-26-01","6S6E-3","6S6E-3","","07330-26-01-job","Job","active","C000067","08qVb000000CfU4IAK"
"07328-26-01","6S6E-1","6S6E-1","","07328-26-01-job","Job","active","C000067","08qVb000000CfU4IAK"
"07321-26-01","GH-38","GH-38","","07321-26-01-job","Job","active","C000084","08qVb000000CfU4IAK"
"07324-26-01","6N5E-1","6N5E-1","","07324-26-01-job","Job","active","C000067","08qVb000000CfU4IAK"
"07326-26-01","6N6E-2","6N6E-2","","07326-26-01-job","Job","active","C000067","08qVb000000CfU4IAK"
"07259-26-01","MISC WIRELINE MUTSCHELKNAUS","MISC WIRELINE MUTSCHELKNAUS","","07259-26-01-job","Job","active","C000445","08qVb000000CfU4IAK"
"07258-26-01","W-1460","W-1460","","07258-26-01-job","Job","active","C000128","08qVb000000CfU4IAK"
"07260-26-01","W-1458","W-1458","","07260-26-01-job","Job","active","C000084","08qVb000000CfU4IAK"
"07261-26-01","M-1766","M-1766","","07261-26-01-job","Job","active","C000067","08qVb000000CfU4IAK"
"07262-26-01","M-1061","M-1061","","07262-26-01-job","Job","active","C000067","08qVb000000CfU4IAK"
"07257-26-01","W,L. DONALDSON #1","W,L. DONALDSON #1","","07257-26-01-job","Job","active","C000268","08qVb000000CfU4IAK"
"07256-26-01","GVB 9-1B","GVB 9-1B","","07256-26-01-job","Job","active","C000082","08qVb000000CfU4IAK"
"07285-26-01","GVB 10-2","GVB 10-2","","07285-26-01-job","Job","active","C000082","08qVb000000CfU4IAK"
"07287-26-01","7446","7446","","07287-26-01-job","Job","active","C000065","08qVb000000CfU4IAK"
"07291-26-01","COP TRACT 343C 1015H","COP TRACT 343C 1015H","","07291-26-01-job","Job","active","C000052","08qVb000000CfU4IAK"
"07286-26-01","7375","7375","","07286-26-01-job","Job","active","C000065","08qVb000000CfU4IAK"
"07284-26-01","GVB 10-1","GVB 10-1","","07284-26-01-job","Job","active","C000082","08qVb000000CfU4IAK"
"07289-26-01","5344","5344","","07289-26-01-job","Job","active","C000085","08qVb000000CfU4IAK"
"07296-26-01","1438","1438","","07296-26-01-job","Job","active","C000084","08qVb000000CfU4IAK"
"07297-26-01","5446","5446","","07297-26-01-job","Job","active","C000085","08qVb000000CfU4IAK"
"07294-26-01","CHARLES J HARVEY #2","CHARLES J HARVEY #2","","07294-26-01-job","Job","active","C000216","08qVb000000CfU4IAK"
"07295-26-01","1472","1472","","07295-26-01-job","Job","active","C000084","08qVb000000CfU4IAK"
"07298-26-01","5454A","5454A","","07298-26-01-job","Job","active","C000085","08qVb000000CfU4IAK"
"07317-26-01","MC-17","MC-17","","07317-26-01-job","Job","active","C000067","08qVb000000CfU4IAK"
"07316-26-01","1658","1658","","07316-26-01-job","Job","active","C000086","08qVb000000CfU4IAK"
"07318-26-01","GVBH 10-4","GVBH 10-4","","07318-26-01-job","Job","active","C000082","08qVb000000CfU4IAK"
"07247-26-01","CHISLER MISC WIRE 2026","CHISLER MISC WIRE 2026","","07247-26-01-job","Job","active","C000112","08qVb000000CfU4IAK"
"07246-26-01","EQT MISC CEMENTING 2026","EQT MISC CEMENTING 2026","","07246-26-01-job","Job","active","C000052","08qVb000000CfU4IAK"
"07245-26-01","EQT MISC WIRELINE 2026","EQT MISC WIRELINE 2026","","07245-26-01-job","Job","active","C000052","08qVb000000CfU4IAK"
"07248-26-01","ENLOW MISC RECLAIM 2026","ENLOW MISC RECLAIM 2026","","07248-26-01-job","Job","active","C000084","08qVb000000CfU4IAK"
"07249-26-01","BAILEY MISC REC 2026","BAILEY MISC REC 2026","","07249-26-01-job","Job","active","C000085","08qVb000000CfU4IAK"
"07250-26-01","MARY E. GARY #2","MARY E. GARY #2","","07250-26-01-job","Job","active","C000052","08qVb000000CfU4IAK"
"07251-26-01","1546","1546","","07251-26-01-job","Job","active","C000086","08qVb000000CfU4IAK"
"07252-26-01","7492","7492","","07252-26-01-job","Job","active","C000065","08qVb000000CfU4IAK"
"07255-26-01","TEXAS GULF BA 4H","TEXAS GULF BA 4H","","07255-26-01-job","Job","active","C000052","08qVb000000CfU4IAK"
"07223-26-01","M-1743","M-1743","","07223-26-01-job","Job","active","C000067","08qVb000000CfU4IAK"
"07224-26-01","CLEARVIEW A 4H","CLEARVIEW A 4H","","07224-26-01-job","Job","active","C000052","08qVb000000CfU4IAK"
"07225-26-01","RECLAIM PADS 7519 & 7699","RECLAIM PADS 7519 & 7699","","07225-26-01-job","Job","active","C000065","08qVb000000CfU4IAK"
"07226-26-01","W-1094","W-1094","","07226-26-01-job","Job","active","C000128","08qVb000000CfU4IAK"
"07254-26-01","HELLEN GORDON 12","HELLEN GORDON 12","","07254-26-01-job","Job","active","C000052","08qVb000000CfU4IAK"
"07240-26-01","820","820","","07240-26-01-job","Job","active","C000084","08qVb000000CfU4IAK"
"07227-26-01","1615","1615","","07227-26-01-job","Job","active","C000086","08qVb000000CfU4IAK"
"07229-26-01","H GORDEON 683","H GORDEON 683","","07229-26-01-job","Job","active","C000052","08qVb000000CfU4IAK"
"07228-26-01","MINE BREECH","MINE BREECH","","07228-26-01-job","Job","active","C000082","08qVb000000CfU4IAK"
"07236-26-01","M-1792","M-1792","","07236-26-01-job","Job","active","C000067","08qVb000000CfU4IAK"
"07234-26-01","1399","1399","","07234-26-01-job","Job","active","C000084","08qVb000000CfU4IAK"
"07232-26-01","7373","7373","","07232-26-01-job","Job","active","C000065","08qVb000000CfU4IAK"
"07233-26-01","1408","1408","","07233-26-01-job","Job","active","C000084","08qVb000000CfU4IAK"
"07230-26-01","818","818","","07230-26-01-job","Job","active","C000084","08qVb000000CfU4IAK"
"07231-26-01","TERRY LITZELMAN 1GH-3GH","TERRY LITZELMAN 1GH-3GH","","07231-26-01-job","Job","active","C000052","08qVb000000CfU4IAK"
"07235-26-01","5445","5445","","07235-26-01-job","Job","active","C000085","08qVb000000CfU4IAK"
"07238-26-01","YB-4","YB-4","","07238-26-01-job","Job","active","C000052","08qVb000000CfU4IAK"
"07244-26-01","HARVEY MISC REC 2026","HARVEY MISC REC 2026","","07244-26-01-job","Job","active","C000086","08qVb000000CfU4IAK"
"07237-26-01","HIGHLANDS BH","HIGHLANDS BH","","07237-26-01-job","Job","active","C000082","08qVb000000CfU4IAK"
"07243-26-01","CBM BRINE TANKS 2026","CBM BRINE TANKS 2026","","07243-26-01-job","Job","active","C000082","08qVb000000CfU4IAK"
"07241-26-01","M-1933","M-1933","","07241-26-01-job","Job","active","C000067","08qVb000000CfU4IAK"
"07239-26-01","YB-1","YB-1","","07239-26-01-job","Job","active","C000052","08qVb000000CfU4IAK"
"07242-26-01","9-2 & 9-3","9-2 & 9-3","","07242-26-01-job","Job","active","C000082","08qVb000000CfU4IAK"
"07253-26-01","7390","7390","","07253-26-01-job","Job","active","C000065","08qVb000000CfU4IAK"
"07290-26-01","CLETUS D DILLIE #1","CLETUS D DILLIE #1","","07290-26-01-job","Job","active","C000268","08qVb000000CfU4IAK"
"07293-26-01","PETTIT 5","PETTIT 5","","07293-26-01-job","Job","active","C000085","08qVb000000CfU4IAK"
"07288-26-01","COP TRACT 357B 1011H","COP TRACT 357B 1011H","","07288-26-01-job","Job","active","C000052","08qVb000000CfU4IAK"
"07283-26-01","W-1397","W-1397","","07283-26-01-job","Job","active","C000128","08qVb000000CfU4IAK"
"07292-26-01","RECLAIM 7373, 7386, 7518","RECLAIM 7373, 7386, 7518","","07292-26-01-job","Job","active","C000065","08qVb000000CfU4IAK"
"07315-26-01","M-1559","M-1559","","07315-26-01-job","Job","active","C000067","08qVb000000CfU4IAK"
"07314-26-01","909","909","","07314-26-01-job","Job","active","C000082","08qVb000000CfU4IAK"
"04893-26-01","EQT KEY RIG MISC CHARGE","EQT KEY RIG MISC CHARGE","","04893-26-01-job","Job","active","C000052","08qVb000000CfU4IAK"
"07206-26-01","7485","7485","","07206-26-01-job","Job","active","C000065","08qVb000000CfU4IAK"
"07207-26-01","7498","7498","","07207-26-01-job","Job","active","C000065","08qVb000000CfU4IAK"
"07208-26-01","W-1043","W-1043","","07208-26-01-job","Job","active","C000128","08qVb000000CfU4IAK"
"07209-26-01","5422","5422","","07209-26-01-job","Job","active","C000085","08qVb000000CfU4IAK"
"07210-26-01","MAX THEODORE CRAIG #1","MAX THEODORE CRAIG #1","","07210-26-01-job","Job","active","","08qVb000000CfU4IAK"
"07211-26-01","5437","5437","","07211-26-01-job","Job","active","C000085","08qVb000000CfU4IAK"
"07212-26-01","1624","1624","","07212-26-01-job","Job","active","C000086","08qVb000000CfU4IAK"
"07213-26-01","1643","1643","","07213-26-01-job","Job","active","C000086","08qVb000000CfU4IAK"
"07214-26-01","W-1037","W-1037","","07214-26-01-job","Job","active","C000128","08qVb000000CfU4IAK"
"07215-26-01","NITROGEN PLANT MOVE","NITROGEN PLANT MOVE","","07215-26-01-job","Job","active","C000082","08qVb000000CfU4IAK"
"07216-26-01","JAS RAINEY #1","JAS RAINEY #1","","07216-26-01-job","Job","active","C000268","08qVb000000CfU4IAK"
"07217-26-01","5421","5421","","07217-26-01-job","Job","active","C000085","08qVb000000CfU4IAK"
"07218-26-01","16 INCH CASING HOLES","16 INCH CASING HOLES","","07218-26-01-job","Job","active","C000082","08qVb000000CfU4IAK"
"07219-26-01","7368","7368","","07219-26-01-job","Job","active","C000065","08qVb000000CfU4IAK"
"07220-26-01","M-1897","M-1897","","07220-26-01-job","Job","active","C000067","08qVb000000CfU4IAK"
"07221-26-01","5440","5440","","07221-26-01-job","Job","active","C000085","08qVb000000CfU4IAK"
"07222-26-01","817","817","","07222-26-01-job","Job","active","C000084","08qVb000000CfU4IAK"
"09959-26-01","CWS WORKING ON H&K EQ","CWS WORKING ON H&K EQ","","09959-26-01-job","Job","active","C000011","08qVb000000CfU4IAK"
"09961-26-01","CWS WORKING ON K&R EQ","CWS WORKING ON K&R EQ","","09961-26-01-job","Job","active","C000012","08qVb000000CfU4IAK"
"09962-26-01","CWS WORKING ON NST EQ","CWS WORKING ON NST EQ","","09962-26-01-job","Job","active","C000029","08qVb000000CfU4IAK"
"09975-26-01","CWS WORKING ON TEK CONST","CWS WORKING ON TEK CONST","","09975-26-01-job","Job","active","C000032","08qVb000000CfU4IAK"
"09976-26-01","CWS WORKING ON YOST DRILLING","CWS WORKING ON YOST DRILLING","","09976-26-01-job","Job","active","C000033","08qVb000000CfU4IAK"
"09988-26-01","CWS WORKING ON MAF","CWS WORKING ON MAF","","09988-26-01-job","Job","active","C000025","08qVb000000CfU4IAK"
"09996-26-01","CWS WORKING ON HDD","CWS WORKING ON HDD","","09996-26-01-job","Job","active","C000301","08qVb000000CfU4IAK"
"09997-26-01","CWS WORKING ON MEC","CWS WORKING ON MEC","","09997-26-01-job","Job","active","C000026","08qVb000000CfU4IAK"
"07000-26-01","CWS D&T","CWS D&T","","07000-26-01-job","Job","active","C000118","08qVb000000CfU4IAK"
"07001-26-01","MOATE #1","MOATE #1","","07001-26-01-job","Job","inactive","C000052","08qVb000000CfU4IAK"
"07002-26-01","CHARLEROI MOUNTAIN CLUB","CHARLEROI MOUNTAIN CLUB","","07002-26-01-job","Job","inactive","C000052","08qVb000000CfU4IAK"
"07003-26-01","OTT #1","OTT #1","","07003-26-01-job","Job","inactive","C000052","08qVb000000CfU4IAK"
"07004-26-01","878","878","","07004-26-01-job","Job","inactive","C000084","08qVb000000CfU4IAK"
"07005-26-01","1059","1059","","07005-26-01-job","Job","inactive","C000084","08qVb000000CfU4IAK"
"07006-26-01","EQT MISC WIRELINE 2025","EQT MISC WIRELINE 2025","","07006-26-01-job","Job","inactive","C000052","08qVb000000CfU4IAK"
"07007-26-01","CHISLER MISC WIRELINE","CHISLER MISC WIRELINE","","07007-26-01-job","Job","active","C000112","08qVb000000CfU4IAK"
"07008-26-01","YOST MISC WIRELINE 2025","YOST MISC WIRELINE 2025","","07008-26-01-job","Job","active","C000038","08qVb000000CfU4IAK"
"07009-26-01","EQT MISC CEMENTING 2025","EQT MISC CEMENTING 2025","","07009-26-01-job","Job","active","C000052","08qVb000000CfU4IAK"
"07010-26-01","CBM BRINE TANKS","CBM BRINE TANKS","","07010-26-01-job","Job","active","C000082","08qVb000000CfU4IAK"
"07011-26-01","IS-1/IS-2","IS-1/IS-2","","07011-26-01-job","Job","inactive","C000052","08qVb000000CfU4IAK"
"07012-26-01","5416","5416","","07012-26-01-job","Job","inactive","C000085","08qVb000000CfU4IAK"
"07013-26-01","1606","1606","","07013-26-01-job","Job","inactive","C000086","08qVb000000CfU4IAK"
"07014-26-01","5420","5420","","07014-26-01-job","Job","inactive","C000085","08qVb000000CfU4IAK"
"07015-26-01","5355","5355","","07015-26-01-job","Job","inactive","C000085","08qVb000000CfU4IAK"
"07016-26-01","5419","5419","","07016-26-01-job","Job","inactive","C000085","08qVb000000CfU4IAK"
"07017-26-01","BAILEY MISC RECLAIM","BAILEY MISC RECLAIM","","07017-26-01-job","Job","active","C000085","08qVb000000CfU4IAK"
"07018-26-01","ENLOW MISC RECLAIM","ENLOW MISC RECLAIM","","07018-26-01-job","Job","active","C000084","08qVb000000CfU4IAK"
"07019-26-01","HARVEY MISC RECLAIM","HARVEY MISC RECLAIM","","07019-26-01-job","Job","active","C000086","08qVb000000CfU4IAK"
"07020-26-01","L4111","L4111","","07020-26-01-job","Job","active","C000268","08qVb000000CfU4IAK"
"07021-26-01","1090 - Job Cancelled","1090 - Job Cancelled","","07021-26-01-job","Job","inactive","C000128","08qVb000000CfU4IAK"
"07022-26-01","1090A","1090A","","07022-26-01-job","Job","inactive","C000128","08qVb000000CfU4IAK"
"07023-26-01","DCNR 100 59HH","DCNR 100 59HH","","07023-26-01-job","Job","active","C000245","08qVb000000CfU4IAK"
"07024-26-01","8132","8132","","07024-26-01-job","Job","inactive","C000066","08qVb000000CfU4IAK"
"07025-26-01","8133","8133","","07025-26-01-job","Job","inactive","C000066","08qVb000000CfU4IAK"
"07026-26-01","LEER SOUTH MINE FIRE","LEER SOUTH MINE FIRE","","07026-26-01-job","Job","inactive","C000082","08qVb000000CfU4IAK"
"07027-26-01","1455","1455","","07027-26-01-job","Job","inactive","C000084","08qVb000000CfU4IAK"
"07028-26-01","SC-5","SC-5","","07028-26-01-job","Job","active","C000066","08qVb000000CfU4IAK"
"07029-26-01","ROAD REPAIR (BAILEY)","ROAD REPAIR (BAILEY)","","07029-26-01-job","Job","inactive","C000085","08qVb000000CfU4IAK"
"07030-26-01","CARPER MISC WIRELINE","CARPER MISC WIRELINE","","07030-26-01-job","Job","inactive","C000104","08qVb000000CfU4IAK"
"07031-26-01","W-1049","W-1049","","07031-26-01-job","Job","inactive","C000128","08qVb000000CfU4IAK"
"07032-26-01","M-1749","M-1749","","07032-26-01-job","Job","inactive","C000067","08qVb000000CfU4IAK"
"07033-26-01","M-1746","M-1746","","07033-26-01-job","Job","inactive","C000067","08qVb000000CfU4IAK"
"07034-26-01","CHARLEROI CLUB 1500","CHARLEROI CLUB 1500","","07034-26-01-job","Job","inactive","C000052","08qVb000000CfU4IAK"
"07035-26-01","5204","5204","","07035-26-01-job","Job","inactive","C000065","08qVb000000CfU4IAK"
"07036-26-01","7344","7344","","07036-26-01-job","Job","inactive","C000065","08qVb000000CfU4IAK"
"07037-26-01","B&O 1687 WELL 591029","B&O 1687 WELL 591029","","07037-26-01-job","Job","inactive","C000052","08qVb000000CfU4IAK"
"07038-26-01","7512","7512","","07038-26-01-job","Job","inactive","C000065","08qVb000000CfU4IAK"
"07039-26-01","E. JOHNSON 1206","E. JOHNSON 1206","","07039-26-01-job","Job","inactive","C000052","08qVb000000CfU4IAK"
"07040-26-01","816","816","","07040-26-01-job","Job","inactive","C000084","08qVb000000CfU4IAK"
"07041-26-01","1628","1628","","07041-26-01-job","Job","inactive","C000086","08qVb000000CfU4IAK"
"07042-26-01","ACNR SMITHFIELD SLIP","ACNR SMITHFIELD SLIP","","07042-26-01-job","Job","inactive","C000065","08qVb000000CfU4IAK"
"07043-26-01","ILLINOIS YOST","ILLINOIS YOST","","07043-26-01-job","Job","inactive","C000286","08qVb000000CfU4IAK"
"07044-26-01","SC-6","SC-6","","07044-26-01-job","Job","active","C000066","08qVb000000CfU4IAK"
"07045-26-01","MCCULLOM, W.C. 166","MCCULLOM, W.C. 166","","07045-26-01-job","Job","inactive","C000052","08qVb000000CfU4IAK"
"07046-26-01","7A TURBINE HOLE","7A TURBINE HOLE","","07046-26-01-job","Job","inactive","C000128","08qVb000000CfU4IAK"
"07047-26-01","MISC TRANSIT WIRELINE","MISC TRANSIT WIRELINE","","07047-26-01-job","Job","inactive","C000265","08qVb000000CfU4IAK"
"07048-26-01","1447","1447","","07048-26-01-job","Job","inactive","C000084","08qVb000000CfU4IAK"
"07049-26-01","1446","1446","","07049-26-01-job","Job","inactive","C000084","08qVb000000CfU4IAK"
"07050-26-01","L12230","L12230","","07050-26-01-job","Job","inactive","C000268","08qVb000000CfU4IAK"
"07051-26-01","MISC YOST","MISC YOST","","07051-26-01-job","Job","active","C000038","08qVb000000CfU4IAK"
"07052-26-01","1453","1453","","07052-26-01-job","Job","inactive","C000084","08qVb000000CfU4IAK"
"07053-26-01","LEER SOUTH MINE FIRE","LEER SOUTH MINE FIRE","","07053-26-01-job","Job","inactive","C000082","08qVb000000CfU4IAK"
"07054-26-01","8C (YOST)","8C (YOST)","","07054-26-01-job","Job","inactive","C000082","08qVb000000CfU4IAK"
"07055-26-01","BROCK, B.B. #2 3760","BROCK, B.B. #2 3760","","07055-26-01-job","Job","inactive","C000052","08qVb000000CfU4IAK"
"07056-26-01","8282","8282","","07056-26-01-job","Job","inactive","C000066","08qVb000000CfU4IAK"
"07057-26-01","WE: CHARLEROI MT CLUB 1423","WE: CHARLEROI MT CLUB 1423","","07057-26-01-job","Job","inactive","C000052","08qVb000000CfU4IAK"
"07058-26-01","BB BROCK 3759","BB BROCK 3759","","07058-26-01-job","Job","inactive","C000052","08qVb000000CfU4IAK"
"07059-26-01","COP TRACT 29 #5","COP TRACT 29 #5","","07059-26-01-job","Job","inactive","C000052","08qVb000000CfU4IAK"
"07060-26-01","W-1038","W-1038","","07060-26-01-job","Job","inactive","C000128","08qVb000000CfU4IAK"
"07061-26-01","882","882","","07061-26-01-job","Job","inactive","C000084","08qVb000000CfU4IAK"
"07062-26-01","W-1035","W-1035","","07062-26-01-job","Job","inactive","C000128","08qVb000000CfU4IAK"
"07063-26-01","1153","1153","","07063-26-01-job","Job","active","C000083","08qVb000000CfU4IAK"
"07064-26-01","7308","7308","","07064-26-01-job","Job","inactive","C000065","08qVb000000CfU4IAK"
"07065-26-01","6S 4-1","6S 4-1","","07065-26-01-job","Job","inactive","C000067","08qVb000000CfU4IAK"
"07066-26-01","5379","5379","","07066-26-01-job","Job","inactive","C000085","08qVb000000CfU4IAK"
"07067-26-01","PEOPLES WELLHEAD","PEOPLES WELLHEAD","","07067-26-01-job","Job","inactive","C000216","08qVb000000CfU4IAK"
"07068-26-01","6S4-E-2","6S4-E-2","","07068-26-01-job","Job","inactive","C000067","08qVb000000CfU4IAK"
"07069-26-01","1524","1524","","07069-26-01-job","Job","inactive","C000086","08qVb000000CfU4IAK"
"07070-26-01","1449","1449","","07070-26-01-job","Job","inactive","C000084","08qVb000000CfU4IAK"
"07071-26-01","DEWATERING MINE","DEWATERING MINE","","07071-26-01-job","Job","active","C000082","08qVb000000CfU4IAK"
"07072-26-01","FM CLOSSER 1","FM CLOSSER 1","","07072-26-01-job","Job","inactive","C000052","08qVb000000CfU4IAK"
"07073-26-01","GH-40","GH-40","","07073-26-01-job","Job","inactive","","08qVb000000CfU4IAK"
"07074-26-01","M-1861","M-1861","","07074-26-01-job","Job","inactive","C000067","08qVb000000CfU4IAK"
"07075-26-01","M-1599","M-1599","","07075-26-01-job","Job","inactive","C000067","08qVb000000CfU4IAK"
"07076-26-01","5297","5297","","07076-26-01-job","Job","inactive","C000085","08qVb000000CfU4IAK"
"07077-26-01","L4836","L4836","","07077-26-01-job","Job","inactive","C000268","08qVb000000CfU4IAK"
"07078-26-01","7343","7343","","07078-26-01-job","Job","inactive","C000065","08qVb000000CfU4IAK"
"07079-26-01","1613","1613","","07079-26-01-job","Job","active","C000086","08qVb000000CfU4IAK"
"07080-26-01","COP TRACT 685 C-1014H","COP TRACT 685 C-1014H","","07080-26-01-job","Job","inactive","C000052","08qVb000000CfU4IAK"
"07081-26-01","SGW-240","SGW-240","","07081-26-01-job","Job","inactive","C000069","08qVb000000CfU4IAK"
"07082-26-01","7318","7318","","07082-26-01-job","Job","inactive","C000065","08qVb000000CfU4IAK"
"07083-26-01","7339","7339","","07083-26-01-job","Job","inactive","C000065","08qVb000000CfU4IAK"
"07084-26-01","7338","7338","","07084-26-01-job","Job","inactive","C000065","08qVb000000CfU4IAK"
"07085-26-01","BLEEDER SHAFT","BLEEDER SHAFT","","07085-26-01-job","Job","inactive","C000083","08qVb000000CfU4IAK"
"07086-26-01","1034","1034","","07086-26-01-job","Job","inactive","C000128","08qVb000000CfU4IAK"
"07087-26-01","COP TRACT 25 #3","COP TRACT 25 #3","","07087-26-01-job","Job","inactive","C000052","08qVb000000CfU4IAK"
"07088-26-01","COM OF PA DEPT F&W #3","COM OF PA DEPT F&W #3","","07088-26-01-job","Job","inactive","C000052","08qVb000000CfU4IAK"
"07089-26-01","JAMES KEENER","JAMES KEENER","","07089-26-01-job","Job","inactive","C000052","08qVb000000CfU4IAK"
"07090-26-01","SAMPLE BH-5","SAMPLE BH-5","","07090-26-01-job","Job","inactive","C000083","08qVb000000CfU4IAK"
"07091-26-01","LONGWALL 1B & 1C","LONGWALL 1B & 1C","","07091-26-01-job","Job","inactive","C000083","08qVb000000CfU4IAK"
"07092-26-01","1487","1487","","07092-26-01-job","Job","inactive","C000086","08qVb000000CfU4IAK"
"07093-26-01","M-1747","M-1747","","07093-26-01-job","Job","inactive","C000067","08qVb000000CfU4IAK"
"07094-26-01","1161","1161","","07094-26-01-job","Job","inactive","C000083","08qVb000000CfU4IAK"
"07095-26-01","8236","8236","","07095-26-01-job","Job","inactive","C000066","08qVb000000CfU4IAK"
"07096-26-01","M-1859","M-1859","","07096-26-01-job","Job","inactive","C000067","08qVb000000CfU4IAK"
"07097-26-01","1075","1075","","07097-26-01-job","Job","inactive","C000067","08qVb000000CfU4IAK"
"07098-26-01","727","727","","07098-26-01-job","Job","inactive","","08qVb000000CfU4IAK"
"07099-26-01","7452","7452","","07099-26-01-job","Job","inactive","C000065","08qVb000000CfU4IAK"
"07100-26-01","7488 (DOUG SMITH)","7488 (DOUG SMITH)","","07100-26-01-job","Job","inactive","C000065","08qVb000000CfU4IAK"
"07101-26-01","CONSOL BAILEY 13L-4","CONSOL BAILEY 13L-4","","07101-26-01-job","Job","inactive","C000085","08qVb000000CfU4IAK"
"07102-26-01","W-1451","W-1451","","07102-26-01-job","Job","inactive","C000129","08qVb000000CfU4IAK"
"07103-26-01","6N3E - 1B DEGAS HOLE","6N3E - 1B DEGAS HOLE","","07103-26-01-job","Job","inactive","C000067","08qVb000000CfU4IAK"
"07104-26-01","L4560","L4560","","07104-26-01-job","Job","inactive","C000268","08qVb000000CfU4IAK"
"07105-26-01","IS1 - 1000","IS1 - 1000","","07105-26-01-job","Job","inactive","C000052","08qVb000000CfU4IAK"
"07106-26-01","COP TRACT 231 A 1000H","COP TRACT 231 A 1000H","","07106-26-01-job","Job","inactive","C000052","08qVb000000CfU4IAK"
"07107-26-01","5413","5413","","07107-26-01-job","Job","inactive","C000085","08qVb000000CfU4IAK"
"07108-26-01","M-1832","M-1832","","07108-26-01-job","Job","inactive","C000067","08qVb000000CfU4IAK"
"07110-26-01","1778","1778","","07110-26-01-job","Job","inactive","C000084","08qVb000000CfU4IAK"
"07111-26-01","8144","8144","","07111-26-01-job","Job","inactive","C000066","08qVb000000CfU4IAK"
"07112-26-01","8162","8162","","07112-26-01-job","Job","inactive","C000066","08qVb000000CfU4IAK"
"07113-26-01","8163","8163","","07113-26-01-job","Job","inactive","C000066","08qVb000000CfU4IAK"
"07114-26-01","JOHN A KEYS 1460","JOHN A KEYS 1460","","07114-26-01-job","Job","active","C000052","08qVb000000CfU4IAK"
"07115-26-01","CHAS HARVEY #1","CHAS HARVEY #1","","07115-26-01-job","Job","inactive","C000052","08qVb000000CfU4IAK"
"07116-26-01","5447","5447","","07116-26-01-job","Job","active","C000085","08qVb000000CfU4IAK"
"07117-26-01","5448","5448","","07117-26-01-job","Job","active","C000085","08qVb000000CfU4IAK"
"07118-26-01","1437","1437","","07118-26-01-job","Job","inactive","C000084","08qVb000000CfU4IAK"
"07119-26-01","564","564","","07119-26-01-job","Job","inactive","C000082","08qVb000000CfU4IAK"
"07120-26-01","7487","7487","","07120-26-01-job","Job","inactive","C000065","08qVb000000CfU4IAK"
"07121-26-01","MAY E&S PA WELL SITES","MAY E&S PA WELL SITES","","07121-26-01-job","Job","inactive","C000067","08qVb000000CfU4IAK"
"07122-26-01","1485","1485","","07122-26-01-job","Job","inactive","C000086","08qVb000000CfU4IAK"
"07123-26-01","M-1558","M-1558","","07123-26-01-job","Job","active","C000067","08qVb000000CfU4IAK"
"07124-26-01","COP TRACT 123 #2","COP TRACT 123 #2","","07124-26-01-job","Job","inactive","C000052","08qVb000000CfU4IAK"
"07125-26-01","1622","1622","","07125-26-01-job","Job","inactive","C000086","08qVb000000CfU4IAK"
"07126-26-01","M-1843","M-1843","","07126-26-01-job","Job","inactive","C000067","08qVb000000CfU4IAK"
"07127-26-01","COP TRACT 123 #1","COP TRACT 123 #1","","07127-26-01-job","Job","inactive","C000052","08qVb000000CfU4IAK"
"07128-26-01","7430","7430","","07128-26-01-job","Job","active","C000065","08qVb000000CfU4IAK"
"07129-26-01","7369","7369","","07129-26-01-job","Job","active","C000065","08qVb000000CfU4IAK"
"07130-26-01","NV 19-1","NV 19-1","","07130-26-01-job","Job","inactive","C000084","08qVb000000CfU4IAK"
"07131-26-01","NV 19-2","NV 19-2","","07131-26-01-job","Job","inactive","C000084","08qVb000000CfU4IAK"
"07132-26-01","WELL NV 19-3","WELL NV 19-3","","07132-26-01-job","Job","inactive","C000084","08qVb000000CfU4IAK"
"07133-26-01","W-1450","W-1450","","07133-26-01-job","Job","inactive","C000128","08qVb000000CfU4IAK"
"07134-26-01","WISSINGER 6","WISSINGER 6","","07134-26-01-job","Job","inactive","C000216","08qVb000000CfU4IAK"
"07135-26-01","1068","1068","","07135-26-01-job","Job","inactive","C000083","08qVb000000CfU4IAK"
"07136-26-01","GW-1884","GW-1884","","07136-26-01-job","Job","active","","08qVb000000CfU4IAK"
"07137-26-01","FORDYCE, H.C. #1570","FORDYCE, H.C. #1570","","07137-26-01-job","Job","inactive","C000052","08qVb000000CfU4IAK"
"07138-26-01","CONSOL GW-1660","CONSOL GW-1660","","07138-26-01-job","Job","active","C000086","08qVb000000CfU4IAK"
"07139-26-01","1452","1452","","07139-26-01-job","Job","inactive","C000128","08qVb000000CfU4IAK"
"07141-26-01","7337","7337","","07141-26-01-job","Job","inactive","C000065","08qVb000000CfU4IAK"
"07142-26-01","984","984","","07142-26-01-job","Job","inactive","C000082","08qVb000000CfU4IAK"
"07143-26-01","1623","1623","","07143-26-01-job","Job","active","C000086","08qVb000000CfU4IAK"
"07144-26-01","8145","8145","","07144-26-01-job","Job","inactive","C000066","08qVb000000CfU4IAK"
"07145-26-01","1435","1435","","07145-26-01-job","Job","active","C000084","08qVb000000CfU4IAK"
"07146-26-01","ACNR MARSHALL M-1660","ACNR MARSHALL M-1660","","07146-26-01-job","Job","active","C000067","08qVb000000CfU4IAK"
"07147-26-01","M-1521","M-1521","","07147-26-01-job","Job","active","C000067","08qVb000000CfU4IAK"
"07148-26-01","M-1862","M-1862","","07148-26-01-job","Job","inactive","C000067","08qVb000000CfU4IAK"
"07149-26-01","TYGART CORE WATER HAUL","TYGART CORE WATER HAUL","","07149-26-01-job","Job","inactive","C000083","08qVb000000CfU4IAK"
"07150-26-01","M-1923","M-1923","","07150-26-01-job","Job","inactive","C000067","08qVb000000CfU4IAK"
"07151-26-01","COMM OF PA 1598","COMM OF PA 1598","","07151-26-01-job","Job","inactive","C000052","08qVb000000CfU4IAK"
"07152-26-01","7429","7429","","07152-26-01-job","Job","active","C000065","08qVb000000CfU4IAK"
"07153-26-01","GW-3027","GW-3027","","07153-26-01-job","Job","inactive","C000084","08qVb000000CfU4IAK"
"07154-26-01","C.K. SPROWLS #1","C.K. SPROWLS #1","","07154-26-01-job","Job","inactive","C000268","08qVb000000CfU4IAK"
"07155-26-01","FROG POND CBM","FROG POND CBM","","07155-26-01-job","Job","active","C000066","08qVb000000CfU4IAK"
"07156-26-01","WALKER B6H","WALKER B6H","","07156-26-01-job","Job","inactive","C000052","08qVb000000CfU4IAK"
"07157-26-01","8160","8160","","07157-26-01-job","Job","inactive","C000066","08qVb000000CfU4IAK"
"07158-26-01","YOST 1485","YOST 1485","","07158-26-01-job","Job","active","C000086","08qVb000000CfU4IAK"
"07159-26-01","983","983","","07159-26-01-job","Job","active","C000082","08qVb000000CfU4IAK"
"07160-26-01","7348","7348","","07160-26-01-job","Job","inactive","C000065","08qVb000000CfU4IAK"
"07161-26-01","W-1455","W-1455","","07161-26-01-job","Job","inactive","C000128","08qVb000000CfU4IAK"
"07162-26-01","M-1928","M-1928","","07162-26-01-job","Job","inactive","C000067","08qVb000000CfU4IAK"
"07163-26-01","648","648","","07163-26-01-job","Job","active","C000086","08qVb000000CfU4IAK"
"07164-26-01","1780","1780","","07164-26-01-job","Job","inactive","C000084","08qVb000000CfU4IAK"
"07165-26-01","7410","7410","","07165-26-01-job","Job","active","C000065","08qVb000000CfU4IAK"
"07166-26-01","6N4E-1","6N4E-1","","07166-26-01-job","Job","active","C000067","08qVb000000CfU4IAK"
"07167-26-01","6S5E-1","6S5E-1","","07167-26-01-job","Job","active","C000067","08qVb000000CfU4IAK"
"07168-26-01","6S5E-2","6S5E-2","","07168-26-01-job","Job","active","C000067","08qVb000000CfU4IAK"
"07169-26-01","6S5E-3","6S5E-3","","07169-26-01-job","Job","active","C000067","08qVb000000CfU4IAK"
"07170-26-01","3227","3227","","07170-26-01-job","Job","active","C000085","08qVb000000CfU4IAK"
"07171-26-01","7699","7699","","07171-26-01-job","Job","active","C000065","08qVb000000CfU4IAK"
"07172-26-01","7519","7519","","07172-26-01-job","Job","active","C000065","08qVb000000CfU4IAK"
"07173-26-01","LOWMASTER UNIT# 590336","LOWMASTER UNIT# 590336","","07173-26-01-job","Job","inactive","C000052","08qVb000000CfU4IAK"
"07174-26-01","WILLIAM STOUT #1","WILLIAM STOUT #1","","07174-26-01-job","Job","active","C000268","08qVb000000CfU4IAK"
"07175-26-01","7 N FW BOREHOLE LEAK","7 N FW BOREHOLE LEAK","","07175-26-01-job","Job","active","C000086","08qVb000000CfU4IAK"
"07176-26-01","W-1456","W-1456","","07176-26-01-job","Job","inactive","C000128","08qVb000000CfU4IAK"
"07177-26-01","584","584","","07177-26-01-job","Job","active","C000086","08qVb000000CfU4IAK"
"07178-26-01","M-1890","M-1890","","07178-26-01-job","Job","active","C000067","08qVb000000CfU4IAK"
"07179-26-01","NV-A22CV","NV-A22CV","","07179-26-01-job","Job","active","C000084","08qVb000000CfU4IAK"
"07180-26-01","NV-22CV","NV-22CV","","07180-26-01-job","Job","active","C000084","08qVb000000CfU4IAK"
"07181-26-01","7374","7374","","07181-26-01-job","Job","active","C000065","08qVb000000CfU4IAK"
"07182-26-01","8237","8237","","07182-26-01-job","Job","active","C000066","08qVb000000CfU4IAK"
"07183-26-01","3228","3228","","07183-26-01-job","Job","active","C000086","08qVb000000CfU4IAK"
"07184-26-01","5498","5498","","07184-26-01-job","Job","active","C000085","08qVb000000CfU4IAK"
"07185-26-01","2552","2552","","07185-26-01-job","Job","inactive","C000084","08qVb000000CfU4IAK"
"07186-26-01","M-1933","M-1933","","07186-26-01-job","Job","active","C000067","08qVb000000CfU4IAK"
"07187-26-01","W-1135","W-1135","","07187-26-01-job","Job","active","C000128","08qVb000000CfU4IAK"
"07188-26-01","CHARLEROI MTN CLUB #4","CHARLEROI MTN CLUB #4","","07188-26-01-job","Job","inactive","C000052","08qVb000000CfU4IAK"
"07189-26-01","CHARLEROI MTN CLUB #5","CHARLEROI MTN CLUB #5","","07189-26-01-job","Job","inactive","C000052","08qVb000000CfU4IAK"
"07190-26-01","1397","1397","","07190-26-01-job","Job","active","C000084","08qVb000000CfU4IAK"
"07191-26-01","1402","1402","","07191-26-01-job","Job","active","C000084","08qVb000000CfU4IAK"
"07192-26-01","BH15 & BH16","BH15 & BH16","","07192-26-01-job","Job","active","C000082","08qVb000000CfU4IAK"
"07194-26-01","1607","1607","","07194-26-01-job","Job","active","C000086","08qVb000000CfU4IAK"
"07195-26-01","5444","5444","","07195-26-01-job","Job","active","C000085","08qVb000000CfU4IAK"
"07196-26-01","MD-43","MD-43","","07196-26-01-job","Job","active","C000066","08qVb000000CfU4IAK"
"07197-26-01","7494","7494","","07197-26-01-job","Job","active","C000065","08qVb000000CfU4IAK"
"07198-26-01","7518","7518","","07198-26-01-job","Job","active","C000065","08qVb000000CfU4IAK"
"07199-26-01","M-1891","M-1891","","07199-26-01-job","Job","active","C000067","08qVb000000CfU4IAK"
"07200-26-01","413","413","","07200-26-01-job","Job","active","C000082","08qVb000000CfU4IAK"
"07201-26-01","5441","5441","","07201-26-01-job","Job","active","C000085","08qVb000000CfU4IAK"
"07202-26-01","W-1454","W-1454","","07202-26-01-job","Job","active","C000128","08qVb000000CfU4IAK"
"07203-26-01","1467","1467","","07203-26-01-job","Job","active","C000086","08qVb000000CfU4IAK"
"07204-26-01","819","819","","07204-26-01-job","Job","active","C000084","08qVb000000CfU4IAK"
"07205-26-01","GH 23","GH 23","","07205-26-01-job","Job","active","C000085","08qVb000000CfU4IAK"
"07263-26-01","BOSS SENECA WELLS 2026","BOSS SENECA WELLS 2026","","07263-26-01-job","Job","active","C000245","08qVb000000CfU4IAK"
"07277-26-01","GH-91","GH-91","","07277-26-01-job","Job","active","C000086","08qVb000000CfU4IAK"
"07280-26-01","5122","5122","","07280-26-01-job","Job","active","C000085","08qVb000000CfU4IAK"
"07276-26-01","GH-80","GH-80","","07276-26-01-job","Job","active","C000086","08qVb000000CfU4IAK"
"07278-26-01","BOSS MISC WIRELINE","BOSS MISC WIRELINE","","07278-26-01-job","Job","active","C000099","08qVb000000CfU4IAK"
"07279-26-01","PNG-1 FEASIBILITY/PERMITING","PNG-1 FEASIBILITY/PERMITING","","07279-26-01-job","Job","active","C000216","08qVb000000CfU4IAK"
"07274-26-01","GH-40","GH-40","","07274-26-01-job","Job","active","C000086","08qVb000000CfU4IAK"
"07275-26-01","GH-41","GH-41","","07275-26-01-job","Job","active","C000086","08qVb000000CfU4IAK"
"07281-26-01","DEGAS TREE CLEARING","DEGAS TREE CLEARING","","07281-26-01-job","Job","active","C000067","08qVb000000CfU4IAK"
